EstacaoCodigo;NivelConsistencia;Data;Hora;MediaDiaria;MetodoObtencaoVazoes;Maxima;Minima;Media;DiaMaxima;DiaMinima;MaximaStatus;MinimaStatus;MediaStatus;MediaAnual;MediaAnualStatus;Vazao01;Vazao02;Vazao03;Vazao04;Vazao05;Vazao06;Vazao07;Vazao08;Vazao09;Vazao10;Vazao11;Vazao12;Vazao13;Vazao14;Vazao15;Vazao16;Vazao17;Vazao18;Vazao19;Vazao20;Vazao21;Vazao22;Vazao23;Vazao24;Vazao25;Vazao26;Vazao27;Vazao28;Vazao29;Vazao30;Vazao31;Vazao01Status;Vazao02Status;Vazao03Status;Vazao04Status;Vazao05Status;Vazao06Status;Vazao07Status;Vazao08Status;Vazao09Status;Vazao10Status;Vazao11Status;Vazao12Status;Vazao13Status;Vazao14Status;Vazao15Status;Vazao16Status;Vazao17Status;Vazao18Status;Vazao19Status;Vazao20Status;Vazao21Status;Vazao22Status;Vazao23Status;Vazao24Status;Vazao25Status;Vazao26Status;Vazao27Status;Vazao28Status;Vazao29Status;Vazao30Status;Vazao31Status
39640000;2;01/04/2002;;1;1;44,934;;;4;;1;0;0;;0;23,1;33,418;36,468;44,934;28,613;27,817;22,15;17,702;13,157;;;;;;;;;;;;;;;;;;;;;;;1;1;1;1;1;1;1;1;1;0;0;0;0;0;0;0;0;0;0;0;0;0;0;0;0;0;0;0;0;0;;
39640000;2;01/03/2002;;1;1;56,528;9,32;15,914;6;3;2;2;2;;0;9,636;9,477;9,32;9,795;16,834;55,67;32,342;13,689;13,511;12,632;12,286;12,286;12,286;12,114;11,267;10,604;10,278;17,026;19,181;22,255;24,171;17,799;12,806;12,286;11,943;11,267;10,934;12,632;23,526;17,605;15,887;1;1;1;1;1;1;1;1;1;1;1;1;1;1;1;1;1;1;1;1;1;1;1;1;1;1;1;1;2;1;1;
39640000;2;01/02/2002;;1;1;43,614;9,795;15,584;15;28;1;1;1;;0;12,458;11,603;11,435;11,773;14,591;13,157;11,943;10,934;10,278;10,278;11,435;12,632;35,728;31,868;43,089;35,237;19,582;14,409;13,511;13,157;12,632;12,114;11,603;10,604;10,278;10,278;9,955;9,795;;;;1;1;1;1;1;1;1;1;1;1;1;1;1;1;1;1;1;1;1;1;1;1;1;1;1;1;1;1;0;0;;
39640000;2;01/01/2002;;1;1;71,749;11,435;23,034;11;2;1;1;1;;0;11,603;11,435;28,385;14,774;11,435;12,286;13,868;12,114;13,511;33,298;71,749;71,749;38,466;35,237;15,513;13,333;13,333;12,286;14,774;23,74;16,643;18,981;55,101;35,237;25,697;18,191;16,643;15,887;13,689;12,632;12,458;1;1;1;1;1;1;1;1;1;1;1;1;1;1;1;1;1;1;1;1;1;1;1;1;1;1;1;1;1;1;1;
39640000;2;01/12/2001;;1;1;14,409;6,641;9,426;13;7;1;1;1;;0;7,794;7,5;7,5;7,066;7,066;6,923;6,641;8,699;8,546;8,546;8,853;11,1;14,228;13,333;10,934;11,943;11,603;11,435;11,1;8,699;8,393;7,794;8,092;9,007;10,769;8,699;9,32;9,636;9,955;10,604;10,441;1;1;1;1;1;1;1;1;1;1;1;1;1;1;1;1;1;1;1;1;1;1;1;1;1;1;1;1;1;1;1;
39640000;2;01/11/2001;;1;1;12,806;7,794;9,414;1;23;1;1;1;;0;12,632;12,114;11,603;10,934;10,604;10,278;10,278;10,116;10,441;10,769;10,278;10,116;9,795;9,32;9,163;8,699;8,699;8,546;8,242;8,092;8,092;7,943;7,794;7,794;7,943;7,794;9,007;8,853;8,393;8,092;;1;1;1;1;1;1;1;1;1;1;1;1;1;1;1;1;1;1;1;1;1;1;1;1;1;1;1;1;1;1;;
39640000;2;01/10/2001;;1;1;57,966;10,934;16,812;14;11;1;1;1;;0;12,286;11,943;12,286;12,632;11,943;11,603;11,267;11,267;11,267;11,267;10,934;11,267;27,931;57,966;56,241;33,538;21,42;12,981;12,286;12,286;12,632;11,943;11,603;11,603;11,267;11,267;12,458;16,075;17,218;16,263;14,228;1;1;1;1;1;1;1;1;1;1;1;1;1;1;1;1;1;1;1;1;1;1;1;1;1;1;1;1;1;1;1;
39640000;2;01/09/2001;;1;1;23,526;12,981;16,705;3;30;1;1;1;;0;20,801;19,986;23,526;23,1;23,312;20,392;19,783;18,585;17,411;17,218;16,834;16,834;15,887;15,513;15,513;15,513;15,142;14,774;14,774;14,409;14,048;13,868;14,228;14,409;14,409;16,643;14,591;13,333;13,333;12,981;;1;1;1;1;1;1;1;1;1;1;1;1;1;1;1;1;1;1;1;1;1;1;1;1;1;1;1;1;1;1;;
39640000;2;01/08/2001;;1;1;66,844;19,582;29,382;16;29;1;1;1;;0;26,139;37,713;51,728;40,499;30,226;25,697;29,762;22,676;30,226;32,58;28,841;28,157;31,16;27,479;25,477;64,137;38,971;30,692;29,762;28,385;28,613;25,258;24,387;23,526;23,1;22,045;21,42;20,188;19,582;20,801;21,628;1;1;1;1;1;1;1;1;1;1;1;1;1;1;1;1;1;1;1;1;1;1;1;1;1;1;1;1;1;1;1;
39640000;2;01/07/2001;;1;1;52,845;18,783;29,269;22;15;1;1;1;;0;35,728;37,963;38,466;27,704;24,603;25,477;27,931;35,482;30,226;27,03;25,477;22,676;21,42;20,392;18,783;31,396;31,868;31,631;27,254;27,479;39,478;52,565;37,963;28,157;25,258;24,821;23,74;23,1;21,836;25,477;35,974;1;1;1;1;1;1;1;1;1;1;1;1;1;1;1;1;1;1;1;1;1;1;1;1;1;1;1;1;1;1;1;
39640000;2;01/06/2001;;1;1;151,851;7,354;32,713;14;1;1;1;1;;0;7,354;10,441;9,007;8,699;9,163;11,1;19,381;17,995;16,263;17,411;18,191;32,819;98,285;151,453;54,534;23,526;26,806;27,479;23,955;20,392;18,981;18,191;18,387;18,585;18,981;30,926;91,814;90,135;39,988;31,16;;1;1;1;1;1;1;1;1;1;1;1;1;1;1;1;1;1;1;1;1;1;1;1;1;1;1;1;1;1;1;;
39640000;2;01/05/2001;;1;1;12,458;5,419;7,167;1;29;1;1;1;;0;11,943;10,441;10,116;10,604;10,278;9,32;8,546;7,943;7,647;7,354;7,21;6,923;6,923;6,641;6,501;6,362;6,362;6,224;6,087;5,952;5,817;5,817;5,817;5,683;5,551;5,683;5,551;5,551;5,419;5,683;6,224;1;1;1;1;1;1;1;1;1;1;1;1;1;1;1;1;1;1;1;1;1;1;1;1;1;1;1;1;1;1;1;
39640000;2;01/04/2001;;1;1;24,603;7,21;10,367;29;15;1;2;2;;0;10,934;10,769;10,116;10,441;8,699;8,853;11,1;10,441;10,441;8,853;8,546;8,242;7,794;7,5;7,21;7,21;7,647;12,114;11,1;8,699;7,943;7,943;8,092;8,393;8,853;8,853;11,1;22,887;24,171;16,075;;1;2;2;1;1;1;1;1;1;1;1;1;1;1;1;1;1;1;1;1;1;1;1;1;1;1;1;1;1;1;;
39640000;2;01/03/2001;;1;1;12,632;6,923;8,309;31;9;1;1;1;;0;8,242;8,242;7,794;7,794;7,647;7,21;7,066;7,066;6,923;6,923;6,923;6,923;8,699;10,278;10,604;9,163;8,546;7,943;7,5;7,647;7,647;11,435;10,441;9,32;8,242;7,647;7,21;7,066;7,354;9,636;12,458;1;1;1;1;1;1;1;1;1;1;1;1;1;1;1;1;1;1;1;1;1;1;1;1;1;1;1;1;1;1;1;
39640000;2;01/02/2001;;1;1;8,699;;8;17;;1;0;2;;0;;;;;;;;;8,092;7,943;7,794;7,794;7,794;8,092;7,943;8,092;8,546;8,393;8,242;8,242;8,242;8,242;8,242;8,242;8,092;7,943;8,092;8,393;;;;4;4;4;4;4;4;4;4;1;1;1;1;1;1;1;1;1;1;1;1;1;1;1;1;1;1;1;1;0;0;;
39640000;2;01/01/2001;;1;1;14,958;;10;3;;1;0;2;;0;;;14,958;14,591;14,409;;;14,048;;;14,774;14,409;14,048;13,868;;;;14,228;14,228;13,868;;;;;;;;;;;;4;4;1;1;1;4;4;1;4;4;1;1;1;1;4;4;4;1;1;1;4;4;4;4;4;4;4;4;4;4;4;
39640000;2;01/12/2000;;1;1;22,3;13,2;14,9;16;31;1;2;1;25;2;15;14,8;14,4;14;14;14;13,9;13,9;13,7;13,5;13,3;13,3;15,9;17,4;19,2;22,3;20,8;17,4;15,5;14,8;14,2;14;14;14;13,9;13,9;13,5;13,5;13,3;13,3;13,2;1;1;1;1;1;1;1;1;1;2;2;2;1;1;1;1;1;1;1;1;1;1;1;1;1;1;2;2;2;2;2;
39640000;2;01/11/2000;;1;1;;;20;;;0;0;2;25;2;;;;;;;;;;;;;;;;;;;;;;;;;;;;;15,5;15,3;;0;0;0;0;0;0;0;0;0;0;0;0;0;0;0;0;0;0;0;0;0;0;0;0;0;0;0;0;1;1;;
39640000;2;01/10/2000;;1;1;72,1;;38;1;;1;0;2;25;2;72,1;68,4;66,5;63,5;62,6;62,1;55,7;49,5;47,9;45,7;45,2;;;;;;;;;;;;;;;;;;;;;1;1;1;1;1;1;1;1;1;1;1;0;0;0;0;0;0;0;0;0;0;0;0;0;0;0;0;0;0;0;0;
39640000;2;01/09/2000;;1;1;145;23,7;49,2;18;5;1;1;1;25;2;26,4;25,7;25,5;24;23,7;28,2;74,9;64,4;36,2;34;33,5;32,8;31,4;26,1;28,6;32,3;135;145;118;65;51,5;44,9;46;39,7;39,5;39;35,5;35;46,8;87,1;;1;1;1;1;1;1;1;1;1;1;1;1;1;1;1;1;1;1;1;1;1;1;1;1;1;1;1;1;1;1;;
39640000;2;01/08/2000;;1;1;229;27,5;62,8;2;30;1;1;1;25;2;164;223;153;108;67,1;89,1;115;71,1;57,7;56,5;48,4;44,9;40,8;41,8;49;40,5;40,5;62,1;62,6;60,6;48,2;38,7;32,1;30,5;30,2;29,3;28,8;28,8;28,4;27,5;27,9;1;1;2;2;1;1;2;2;1;1;1;1;1;1;1;1;1;1;1;1;1;1;1;1;1;1;1;1;1;1;1;
39640000;2;01/07/2000;;1;1;105;21;45,7;27;21;1;1;1;25;2;40,2;63,5;45,7;39,2;48,2;55,1;37,7;35,5;28,2;24,2;42,6;51,7;38,5;36;73,9;85,8;51,7;32,6;27,9;26,8;23,5;25,3;22,7;24,2;27;71,7;102;75,5;51,7;46,3;60,3;1;1;1;1;1;1;1;1;1;1;1;1;1;1;1;1;1;1;1;1;1;1;1;1;1;1;1;1;1;1;1;
39640000;2;01/06/2000;;1;1;143;3,58;46,6;7;1;1;1;1;25;2;3,58;3,58;3,81;3,81;4,53;122;137;127;94,9;72,4;49,5;24,8;21,2;19,6;19,4;24,4;54,5;39,5;22,9;21,2;20,2;25,7;22,9;20,2;69,6;112;122;72,7;36,5;27,9;;1;1;1;1;1;1;1;1;1;1;1;1;1;1;1;1;1;1;1;1;1;1;1;1;1;1;1;1;1;1;;
39640000;2;01/05/2000;;1;1;24;3,13;8,61;6;2;1;1;1;25;2;3,35;3,35;3,92;5,68;13,5;24;21,2;10,3;9,8;8,39;7,5;9,48;11,4;12,5;13,7;10,9;8,85;8,7;10,4;8,7;6,92;5,55;7,79;7,35;6,36;5,82;5,29;4,53;3,92;3,81;3,81;1;1;1;1;1;1;1;1;1;1;1;1;1;1;1;1;1;1;1;1;1;1;1;1;1;1;1;1;1;1;1;
39640000;2;01/04/2000;;1;1;10,8;1,92;4,88;23;2;1;1;1;25;2;2,1;1,92;3,24;2,91;2,6;2,5;2,4;2,3;2,2;2,2;2,1;2,1;3,13;4,4;7,21;8,39;8,09;6,92;6,92;6,78;6,64;9,48;10,8;10,1;7,5;4,78;4,04;4,53;4,28;3,69;;1;1;1;1;1;1;1;1;1;1;1;1;1;1;1;1;1;1;1;1;1;1;1;1;1;1;1;1;1;1;;
39640000;2;01/03/2000;;1;1;2,3;0,919;1,49;31;22;1;1;1;25;2;1,39;1,39;1,39;1,39;1,56;1,56;1,56;1,82;1,92;1,92;1,82;1,82;2,1;2,01;1,82;1,73;1,39;1,22;1,07;1,22;1,15;0,919;0,919;0,919;0,919;0,919;1,39;1,39;1,73;1,39;2,3;1;1;1;1;1;1;1;1;1;1;1;1;1;1;1;1;1;1;1;1;1;1;1;1;1;1;1;1;1;1;1;
39640000;2;01/02/2000;;1;1;2,3;1,07;1,72;24;7;1;1;1;25;2;1,73;1,56;1,39;1,39;1,39;1,31;1,15;1,07;1,39;1,82;1,92;1,73;1,92;2,01;2,1;2,01;2,01;1,73;1,39;1,39;1,22;1,92;1,92;2,3;2,3;2,3;1,92;1,82;1,82;;;1;1;1;1;1;1;1;1;1;1;1;1;1;1;1;1;1;1;1;1;1;1;1;1;1;1;1;1;1;0;;
39640000;2;01/01/2000;;1;1;17,4;1,22;5,91;10;3;1;1;1;25;2;1,39;1,56;1,22;1,92;2,91;5,68;7,65;9,01;10,4;17,4;10,3;7,79;10,1;13;13,7;15;9,01;6,09;5,03;4,65;4,53;3,58;3,24;3,02;2,81;2,5;2,3;1,92;1,73;1,82;1,82;1;1;1;1;1;1;1;1;1;1;1;1;1;1;1;1;1;1;1;1;1;1;1;1;1;1;1;1;1;1;1;
39640000;2;01/12/1999;;1;1;2,1;1,22;1,44;7;24;1;1;1;4,92999982833862;1;1,39;1,39;1,39;1,39;1,39;1,82;2,1;1,73;1,39;1,39;1,56;1,47;1,39;1,39;1,39;1,39;1,39;1,56;1,56;1,56;1,47;1,39;1,39;1,22;1,31;1,39;1,39;1,31;1,31;1,22;1,22;1;1;1;1;1;1;1;1;1;1;1;1;1;1;1;1;1;1;1;1;1;1;1;1;1;1;1;1;2;2;2;
39640000;2;01/11/1999;;1;1;8,09;1,47;2,93;24;30;1;1;1;4,92999982833862;1;4,28;4,04;3,92;3,92;3,81;4,16;3,81;3,35;3,13;2,91;2,91;2,91;2,7;2,6;2,7;2,7;2,3;2,3;2,3;2,1;2,1;2,1;1,92;8,09;1,92;1,92;1,92;1,82;1,82;1,47;;1;2;2;2;1;1;1;1;1;1;1;1;1;1;1;1;1;1;1;1;1;1;1;1;1;1;1;1;1;1;;
39640000;2;01/10/1999;;1;1;22,5;2,7;6,66;14;4;1;1;1;4,92999982833862;1;4,4;3,81;3,13;2,7;3,58;3,35;4,4;8,09;10,6;8,7;6,5;5,95;20,2;21,4;13,9;9,32;7,5;6,5;5,29;4,78;4,04;4,53;4,28;5,29;3,81;4,04;6,09;5,82;5,68;4,53;4,4;1;1;1;1;1;1;1;1;1;1;1;1;1;1;1;1;1;1;1;1;1;1;1;1;1;1;1;1;1;1;1;
39640000;2;01/09/1999;;1;1;10,1;4,53;6,53;5;30;1;1;1;4,92999982833862;1;9,48;8,85;8,09;9,64;10,1;7,35;6,92;6,92;6,5;5,68;5,29;4,78;4,78;4,65;4,9;5,16;7,07;6,36;8,55;9,96;7,65;6,22;5,55;5,03;4,78;4,9;5,29;5,82;5,03;4,53;;1;1;1;1;1;1;1;1;1;1;1;1;1;1;1;1;1;1;1;2;2;2;1;1;1;1;1;1;1;1;;
39640000;2;01/08/1999;;1;1;11,9;4,28;6,15;24;18;1;1;1;4,92999982833862;1;6,09;6,09;5,82;5,82;5,82;5,55;5,03;4,78;4,78;4,78;4,78;4,65;4,53;4,53;4,53;4,53;4,4;4,28;4,28;5,42;7,94;8,7;9,48;11,8;9,64;7,94;7,5;6,64;6,36;7,21;7,07;1;1;1;1;1;1;1;1;1;1;1;1;1;1;1;1;1;1;1;1;1;1;1;1;1;1;1;1;1;1;1;
39640000;2;01/07/1999;;1;1;59,1;2,7;13,9;18;4;1;1;1;4,92999982833862;1;3,35;3,24;3,13;2,7;14,8;37,2;23,5;22,7;19,4;12,6;5,82;6,78;7,94;7,94;9,32;10,9;22,7;58,8;42;24;15,3;11,1;9,16;7,79;7,21;6,09;7,65;7,21;6,92;6,09;6,09;1;1;1;1;1;1;1;1;1;1;1;1;1;1;1;1;1;1;1;1;1;1;1;1;1;1;1;1;1;1;1;
39640000;2;01/06/1999;;1;1;5,68;3,13;3,72;12;1;1;1;1;4,92999982833862;1;3,13;3,35;3,35;3,46;4,16;4,16;3,81;3,46;3,35;3,24;4,4;5,55;5,03;4,78;4,16;3,69;3,35;3,35;3,24;3,24;4,04;4,28;3,92;3,35;3,24;3,24;3,24;3,24;3,35;3,35;;1;1;1;1;1;1;1;1;1;1;1;1;1;1;1;1;1;1;1;1;1;1;1;1;1;1;1;1;1;1;;
39640000;2;01/05/1999;;1;1;21,2;3,35;7,01;17;2;1;1;1;4,92999982833862;1;3,46;3,35;4,04;6,22;7,35;17,4;15;13,9;11,1;6,09;4,78;4,53;4,28;3,46;4,28;12,6;21,2;9,01;8,39;5,95;5,29;4,9;4,78;4,78;5,16;5,42;4,78;4,53;4,28;3,69;3,35;1;1;1;1;1;1;1;2;2;1;1;1;1;1;1;1;1;1;1;1;1;1;1;1;1;1;1;1;1;1;1;
39640000;2;01/04/1999;;1;1;2,5;1,15;1,65;30;26;1;1;1;4,92999982833862;1;2,01;2,01;2,1;2,1;2,1;1,82;1,73;1,73;1,64;1,64;1,56;1,56;1,56;1,56;1,56;1,56;1,56;1,47;1,47;1,39;1,39;1,31;1,31;1,22;1,22;1,15;1,39;1,73;2,1;2,5;;1;1;1;1;1;2;2;2;2;2;1;1;1;1;1;1;1;1;1;1;2;2;2;2;2;1;1;1;1;1;;
39640000;2;01/03/1999;;1;1;5,68;1,64;2,74;21;13;1;1;1;4,92999982833862;1;2,3;2,3;2,3;2,3;2,3;2,2;2,1;2,1;2,01;1,92;1,73;1,73;1,64;1,64;2,3;2,4;3,35;3,69;4,53;4,9;5,68;5,03;3,81;3,58;2,91;2,7;2,5;2,5;2,3;2,1;2,1;1;1;1;1;1;1;1;1;1;1;1;1;1;1;1;1;1;1;1;1;1;1;1;1;1;1;1;1;1;1;1;
39640000;2;01/02/1999;;1;1;7,79;2,3;3,56;9;3;1;1;1;4,92999982833862;1;2,7;2,7;2,3;2,3;2,5;3,46;5,82;5,95;7,79;7,21;4,9;4,16;3,81;3,69;3,58;3,46;3,13;3,13;3,13;3,02;2,91;2,7;2,5;2,7;2,6;2,5;2,5;2,4;;;;2;1;1;1;1;1;1;1;1;1;1;1;1;1;1;1;1;1;1;1;1;1;1;1;2;2;2;2;0;0;;
39640000;2;01/01/1999;;1;1;3,46;2,4;2,9;15;10;1;1;1;4,92999982833862;1;3,13;3,13;2,91;2,91;2,6;2,5;2,5;2,5;2,5;2,4;2,4;2,4;2,6;3,35;3,46;3,35;3,24;3,35;3,35;3,35;3,13;3,13;3,13;3,02;2,81;2,81;2,7;2,7;2,81;2,91;2,7;1;1;1;1;1;1;1;1;1;1;1;1;1;1;1;1;1;1;1;1;1;1;1;1;1;1;1;1;1;1;1;
39640000;2;01/12/1998;;1;1;3,13;2,5;2,84;25;20;1;1;1;8,27000045776367;1;3,02;3,02;3,02;2,91;2,91;2,91;2,91;2,91;2,91;2,91;2,81;2,81;2,81;2,7;2,7;2,81;2,81;2,6;2,6;2,5;2,5;2,5;2,5;2,91;3,13;3,13;3,02;3,02;2,91;2,91;2,91;1;1;1;1;1;1;1;1;1;1;1;1;1;1;1;1;1;1;1;1;1;1;1;1;1;1;1;1;1;1;1;
39640000;2;01/11/1998;;1;1;4,28;2,91;3,37;1;24;1;1;1;8,27000045776367;1;4,28;4,16;4,04;4,04;3,92;3,81;3,81;3,81;3,13;3,02;3,02;3,13;3,46;3,35;3,35;3,35;3,35;3,13;3,13;3,13;3,13;3,02;3,02;2,91;3,02;3,13;3,13;3,13;3,02;3,02;;1;1;1;1;1;1;1;1;1;1;1;1;1;1;1;1;1;1;1;1;1;1;1;1;1;1;1;1;1;1;;
39640000;2;01/10/1998;;1;1;7,79;4,28;5,7;5;31;1;1;1;8,27000045776367;1;6,64;6,64;6,64;7,65;7,79;7,21;7,21;6,92;6,36;6,22;6,09;6,09;5,95;5,95;5,82;5,29;5,29;5,29;5,03;4,53;4,53;4,53;4,78;4,9;5,03;4,9;4,78;4,78;4,78;4,78;4,28;1;1;1;1;1;1;1;1;1;1;1;1;1;1;1;1;1;1;1;1;1;1;1;1;1;1;1;1;1;1;1;
39640000;2;01/09/1998;;1;1;11,9;6,92;8,85;1;26;1;1;1;8,27000045776367;1;11,9;11,8;11,1;10,4;10,3;9,96;9,64;9,32;9,01;8,7;8,7;9,16;9,96;9,32;9,16;9,01;9,32;8,85;7,94;7,65;7,65;7,35;7,21;7,21;7,21;6,92;7,21;7,65;7,65;8,24;;1;1;1;1;1;1;1;1;1;1;1;1;1;1;1;1;1;1;1;1;1;1;1;1;1;1;1;1;1;1;;
39640000;2;01/08/1998;;1;1;71,7;9,8;19,8;20;7;1;1;1;8,27000045776367;1;13,7;13,2;12,3;11,1;10,6;10,3;9,8;10,1;26,6;22,3;14;11,1;13,7;15,3;20,2;19,4;17,4;15,7;28,8;58,8;57,1;47,1;19,8;17,4;21;22,3;20;16,8;13,7;12,6;12,1;1;1;1;1;1;1;1;1;1;1;1;1;1;1;1;1;1;1;1;1;1;1;1;1;1;1;1;1;1;1;1;
39640000;2;01/07/1998;;1;1;141;5,82;18,5;28;20;1;1;1;8,27000045776367;1;6,22;6,5;6,36;6,36;6,36;6,36;6,22;6,09;5,95;6,09;6,36;6,64;6,64;7,07;8,55;8,85;7,79;7,07;5,95;5,82;6,09;7,5;7,94;8,09;8,39;28,4;90,5;135;88,8;38,7;20,2;1;1;1;1;1;1;1;1;1;1;1;1;1;1;1;1;1;1;1;1;1;1;1;1;1;1;1;1;1;1;1;
39640000;2;01/06/1998;;1;1;11,3;5,16;6,96;11;5;1;1;1;8,27000045776367;1;6,78;6,64;5,82;5,55;5,16;5,16;5,68;8,24;8,39;8,24;11,1;10,1;9,32;7,5;7,5;7,35;7,35;7,21;7,21;6,78;6,5;6,36;6,36;6,09;6,09;6,09;6,09;5,95;6,09;6,09;;1;1;1;1;1;1;1;1;1;1;1;1;1;1;1;1;1;1;1;1;1;1;1;1;1;1;1;1;1;1;;
39640000;2;01/05/1998;;1;1;9,64;4,16;6,8;20;6;1;2;1;8,27000045776367;1;5,29;5,03;4,78;4,53;4,4;4,16;4,53;4,65;4,78;6,36;7,5;8,85;8,7;8,39;7,21;8,39;8,09;8,39;9,48;9,64;8,39;8,09;7,35;6,09;6,36;6,78;8,39;6,92;6,64;6,09;6,5;1;1;1;1;1;2;1;1;1;1;1;1;1;1;1;1;1;1;1;1;1;1;1;1;1;1;1;1;1;1;1;
39640000;2;01/04/1998;;1;1;24;4,28;6,61;25;20;1;1;1;8,27000045776367;1;6,36;6,78;6,5;5,82;5,29;5,16;5,03;5,16;5,03;5,03;4,65;4,65;4,53;4,65;4,78;4,9;4,65;4,53;4,4;4,28;4,28;4,53;4,65;15,3;24;15,9;9,32;6,92;5,95;5,29;;1;1;1;1;1;1;1;1;1;1;1;1;1;1;1;1;1;1;1;1;1;1;1;1;1;1;1;1;1;1;;
39640000;2;01/03/1998;;1;1;9,8;4,53;5,43;11;27;1;1;1;8,27000045776367;1;5,55;5,29;5,29;5,29;5,16;4,9;4,9;4,9;4,78;4,9;9,32;9,16;6,36;4,78;4,78;4,78;4,78;4,78;5,03;5,55;5,29;5,03;5,03;4,9;4,65;4,65;4,53;4,9;5,55;7,5;6,09;1;1;1;1;1;1;1;1;1;1;1;1;1;1;1;1;1;1;1;1;1;1;1;1;1;1;1;1;1;1;1;
39640000;2;01/02/1998;;1;1;8,7;5,42;6,34;1;19;1;1;1;8,27000045776367;1;8,7;8,39;7,65;7,5;7,21;7,21;7,21;7,07;6,78;6,5;6,09;5,82;5,82;5,82;5,55;5,55;5,55;5,55;5,42;5,55;5,55;5,68;5,82;5,82;6,09;6,09;5,95;5,55;;;;1;1;1;1;1;1;1;1;1;1;1;1;1;1;1;1;1;1;1;1;1;1;1;1;1;1;1;1;0;0;;
39640000;2;01/01/1998;;1;1;13,7;6,92;8,01;1;18;1;1;1;8,27000045776367;1;13,7;8,85;8,7;8,39;8,09;7,94;7,94;7,79;7,65;7,35;7,21;7,94;7,79;7,5;7,21;7,21;7,35;6,92;7,21;7,5;8,24;8,39;8,55;8,7;7,79;7,5;7,21;7,65;7,5;7,5;9,01;1;1;1;1;1;1;1;1;1;1;1;1;1;1;1;1;1;1;1;1;1;1;1;1;1;1;1;1;1;1;1;
39640000;2;01/12/1997;;1;1;14;7,5;8,6;31;19;1;1;1;21,7999992370605;1;9,32;9,01;8,7;8,24;8,39;8,39;8,39;8,24;8,09;8,09;8,09;8,09;8,09;7,94;7,79;7,79;7,65;7,65;7,5;7,94;8,09;8,39;8,24;8,7;8,55;8,39;8,24;8,7;9,01;12,8;14;1;1;1;1;1;1;1;1;1;1;1;1;1;1;1;1;1;1;1;1;1;1;1;1;1;1;1;1;1;1;1;
39640000;2;01/11/1997;;1;1;11,6;9,32;10,3;1;30;1;1;1;21,7999992370605;1;11,6;11,6;11,6;11,3;11,1;10,9;10,9;10,8;10,3;10,3;9,64;9,64;10,3;10,3;10,3;10,3;10,4;10,1;9,96;9,64;9,64;9,96;9,96;10,6;10,1;9,8;9,8;9,96;9,64;9,32;;1;1;1;1;1;1;1;1;1;1;1;1;1;1;1;1;1;1;1;1;1;1;1;1;1;1;1;1;1;1;;
39640000;2;01/10/1997;;1;1;17,4;11,3;13,6;1;28;1;1;1;21,7999992370605;1;17,4;17;15,9;14,8;14,8;14,8;14,4;14,4;14,4;15,5;14,4;14;14;14;13,7;13,7;13,7;13,3;13,2;13;13,2;13;12,6;12,3;12,3;11,8;11,4;11,3;11,4;11,4;11,6;1;1;1;1;1;1;1;1;1;1;1;1;1;1;1;1;1;1;1;1;1;1;1;2;2;1;1;1;1;1;1;
39640000;2;01/09/1997;;1;1;27,5;17,4;20,6;1;28;1;1;1;21,7999992370605;1;27,5;25;23,7;23,3;22,9;22,7;22,7;22,3;21,8;21,6;21;21;21;20,8;20,8;20,2;19,8;19,6;19,4;19,2;19,2;19,2;19;18,2;18,2;17,8;17,8;17,4;17,4;17,4;;1;1;1;1;1;1;1;1;1;1;1;1;1;1;1;1;1;1;1;1;1;1;1;1;1;1;1;1;1;1;;
39640000;2;01/08/1997;;1;1;73,6;25,7;34,8;1;26;1;1;1;21,7999992370605;1;70,8;47,3;29,3;29,3;30,9;66,8;62,9;36,2;34,7;32,8;32,1;30,5;30,7;30,5;30,5;30;35,5;42;37,5;37;32,3;29,3;28,6;27,5;26,6;25,7;25,7;25,9;27,3;25,9;26,1;1;1;1;1;1;1;1;1;2;1;1;1;2;2;1;1;1;1;1;1;1;1;1;1;1;1;1;1;1;1;1;
39640000;2;01/07/1997;;1;1;83,2;27,3;43,7;12;3;1;1;1;21,7999992370605;1;42;36,2;27,3;28,6;43,4;35;31,2;29,8;29,1;28,2;71,7;83,2;76,8;67,8;55,1;51,7;27,5;34,3;63,5;63,8;64,1;45,7;43,6;42;35,2;30,9;29,3;28,8;28,6;27,9;53,7;1;1;1;1;1;1;1;1;1;1;1;1;1;1;1;1;1;1;1;1;1;1;1;1;1;1;1;1;1;1;1;
39640000;2;01/06/1997;;1;1;39;21,2;26,1;30;13;1;1;1;21,7999992370605;1;27,9;26,8;30,2;29,1;27,7;26,6;25,5;24,6;23,3;22,7;22,3;21,4;21,2;21,4;26,4;34,3;25,9;21,8;22,7;23,1;28,4;25,5;28,4;32,8;28,2;24;23,3;21,4;30,5;35,2;;2;2;2;2;2;2;1;1;1;1;1;1;1;1;1;1;1;1;1;1;1;1;1;1;1;1;1;1;1;1;;
39640000;2;01/05/1997;;1;1;190;11,2;46,3;9;1;1;1;1;21,7999992370605;1;11,2;14;12,7;25;18,2;14,4;14,6;148;170;102;51,7;42;44,4;39,7;35,7;40,2;43,6;41;39,7;41,5;43,4;46,3;36,7;41,8;57,7;77,7;46,5;36,5;35;32,6;30,2;1;1;1;1;1;1;1;1;1;1;1;1;1;1;1;1;1;1;1;1;1;1;1;1;1;1;1;1;2;2;2;
39640000;2;01/04/1997;;1;1;45,5;8,7;26,1;16;5;1;1;1;21,7999992370605;1;32;28,7;18,6;11,2;8,7;9,33;10,6;12,9;16,8;37;34,7;34,2;32;31,6;32,5;45,2;42,5;41,7;37;36,8;31,8;22,6;24,6;18,2;20,7;34,5;34,5;19,3;10,3;11,2;;1;1;1;1;1;1;1;1;1;1;1;1;1;1;1;1;1;1;1;1;1;1;1;1;1;1;1;1;1;1;;
39640000;2;01/03/1997;;1;1;25,5;6,74;11,8;26;1;1;1;1;21,7999992370605;1;6,74;6,74;8,38;9,33;9,82;8,54;8,23;6,88;8,23;17,6;18,8;16,8;15,1;13,8;11,2;8,85;7,92;7,32;7,03;6,74;6,74;8,07;8,85;9,66;12,6;25,5;21,8;13,6;16,1;18,2;20,7;1;1;1;1;1;1;1;1;1;1;1;1;1;1;1;1;1;1;1;1;1;1;1;1;1;1;1;1;1;1;1;
39640000;2;01/02/1997;;1;1;31,6;5,34;13,4;14;4;1;1;1;21,7999992370605;1;5,61;5,48;5,48;5,34;5,61;9,49;20,3;18,6;11,2;11;11;11,5;23,5;31,6;31,1;29,6;28,7;12,6;11;13,6;13,4;12,2;8,85;8,54;8,23;7,92;7,17;6,88;;;;1;1;1;1;1;1;1;1;1;1;1;1;1;1;1;1;1;1;1;1;1;1;1;1;1;1;1;1;0;0;;
39640000;2;01/01/1997;;1;1;9,82;5,21;6,51;27;18;1;1;1;21,7999992370605;1;6,74;6,59;6,59;6,45;6,45;6,45;6,45;6,74;7,32;7,03;6,74;6,74;6,45;6,45;6,45;6,17;5,89;5,21;5,21;6,17;5,89;5,89;5,89;6,03;6,17;8,23;8,85;7,62;6,74;6,17;5,89;1;2;2;2;2;2;2;1;1;1;1;1;1;1;1;1;1;1;1;1;1;1;1;1;1;1;1;1;1;1;1;
39640000;2;01/12/1996;;1;1;9,82;6,74;8,17;1;31;1;1;1;16,7000007629395;1;9,82;9,82;9,66;9,49;9,49;9,49;9,33;9,17;8,85;7,92;7,92;7,92;7,92;7,92;7,92;7,92;8,07;8,07;7,92;7,92;7,77;7,77;7,77;7,62;7,32;7,32;7,32;7,17;7,03;7,03;6,74;1;1;1;1;1;1;1;1;1;1;1;1;1;1;1;1;1;1;1;1;1;1;1;1;1;1;1;1;1;1;1;
39640000;2;01/11/1996;;1;1;31,6;9,82;15;11;30;1;1;1;16,7000007629395;1;12,4;11,8;11,2;11,2;11;10,8;10,8;11,2;21,6;22,4;28,2;20,3;14,4;23,3;25,5;26,9;20,7;18,6;17;15,7;11,2;11,2;11,2;11;10,6;10,5;9,98;10,1;10,1;9,82;;1;1;1;1;1;1;1;1;1;1;1;1;1;1;1;1;1;1;1;1;1;1;1;1;1;1;1;1;1;1;;
39640000;2;01/10/1996;;1;1;24,6;11,5;15,9;21;30;1;1;1;16,7000007629395;1;17,4;16,7;17,2;20,1;19,3;18,6;16,8;16,1;15,1;14,7;14,7;14,7;14,4;14;13,6;13,6;13,8;15,5;16,5;22,8;24,6;20,9;16,5;14,7;14,4;13,6;12,9;12,9;12,6;11,5;12,4;1;1;1;1;1;1;1;1;1;1;1;1;1;1;1;1;1;1;1;1;1;1;1;1;1;1;1;1;1;1;1;
39640000;2;01/09/1996;;1;1;30,6;17,4;23,5;1;30;1;1;1;16,7000007629395;1;30,1;28,7;27,8;26,6;25,7;25,5;25,5;24,4;24,6;26,4;25,9;25,9;29,2;24,2;23,3;22;25,9;28,2;24,6;22;21,3;21,1;19,5;19;18,4;18,2;18;18;17,8;17,4;;1;1;1;1;1;1;1;1;1;1;1;1;1;1;1;1;1;1;1;1;1;1;1;1;1;1;1;1;1;1;;
39640000;2;01/08/1996;;1;1;147;20,5;42,3;26;23;1;1;1;16,7000007629395;1;31,1;40,1;49,6;53;53,9;51;56,2;54,5;29,6;30,6;32;25;20,7;22,2;23,3;22;21,1;24,6;24,8;25,3;24,4;22,2;20,5;22,6;107;146;101;63,7;44,6;36,5;32,8;1;1;1;1;1;1;1;1;1;2;1;1;1;1;1;1;1;1;1;1;1;1;1;1;1;1;1;1;1;1;1;
39640000;2;01/07/1996;;1;1;124;10,6;31;18;15;1;1;1;16,7000007629395;1;11,2;19,7;19,9;16,8;14,6;13,8;14,2;13,8;16,7;15,1;13,6;11,7;11,2;10,8;10,6;12;70,2;116;91,3;35,5;25;22,8;68,6;48,2;35;33,8;37,3;43,8;42,8;41,4;23,1;1;1;1;1;1;1;1;1;1;1;1;1;1;1;1;1;1;1;1;1;1;1;1;1;1;1;1;1;1;1;1;
39640000;2;01/06/1996;;1;1;77,2;12;25,8;16;8;1;1;1;16,7000007629395;1;20,9;26,2;21,3;15,5;23,3;14,4;14;12;13,6;20,7;20,1;51,9;40,1;56,2;58;77,2;30,1;25,7;30,4;32;23,5;19,3;18,2;17,2;16,3;16,1;16,7;15,9;14,4;12,9;;1;1;1;1;1;1;1;1;1;1;1;1;1;1;1;1;1;1;1;1;1;1;1;1;1;1;1;1;1;1;;
39640000;2;01/05/1996;;1;1;33;5,61;12,1;31;25;1;1;1;16,7000007629395;1;32;23,1;14,7;12,4;13,6;21,3;22,4;16,8;12,9;11;9,98;8,85;8,23;8,23;8,7;8,07;7,47;6,88;7,62;7,32;7,03;6,45;6,03;6,03;5,61;5,61;5,75;5,61;9,17;24,2;32,5;1;1;1;1;1;1;1;1;1;1;1;1;1;1;1;1;1;1;1;1;1;1;1;1;1;1;1;1;1;1;1;
39640000;2;01/04/1996;;1;1;85,9;5,21;14,8;29;1;1;1;1;16,7000007629395;1;5,21;13,1;8,7;7,03;5,89;6,31;7,17;7,17;7,17;8,38;9,98;8,54;10,1;10,3;9,82;9,01;9,33;12;9,33;6,88;6,31;13,4;16,1;14,4;11,8;10,5;10,8;39,1;85,9;64,6;;1;1;1;1;1;1;1;1;1;1;1;1;1;1;1;1;1;1;1;1;1;1;1;1;1;1;1;1;1;1;;
39640000;2;01/03/1996;;1;1;12,6;2,69;4,19;19;17;1;1;1;16,7000007629395;1;3,13;3,36;5,08;4,31;3,82;3,59;3,36;3,36;3,24;3,13;3,13;3,13;3,13;3,24;3,24;3,13;2,69;3,13;12,6;10,1;6,17;4,95;4,31;3,94;3,71;3,71;3,59;3,71;3,94;3,82;4,19;1;1;1;1;1;1;1;1;1;1;1;1;1;1;1;1;1;1;1;1;1;1;1;1;1;1;1;1;1;1;1;
39640000;2;01/02/1996;;1;1;4,31;3,24;3,63;1;15;1;1;1;16,7000007629395;1;4,31;4,07;3,82;3,82;3,71;3,59;3,59;3,47;3,36;3,36;3,36;3,36;3,36;3,36;3,24;3,24;3,59;3,82;4,07;3,82;3,82;3,59;3,71;3,71;3,94;3,82;3,71;3,47;3,24;;;1;1;1;1;1;1;1;1;1;1;1;1;1;1;1;1;1;1;1;1;1;1;1;1;1;1;1;1;1;0;;
39640000;2;01/01/1996;;1;1;6,17;3,59;4,28;23;4;1;1;1;16,7000007629395;1;3,82;3,82;3,71;3,59;3,59;3,71;3,82;3,94;3,82;3,94;4,07;4,07;3,82;3,59;3,71;4,07;3,71;3,82;3,82;3,82;4,19;5,61;6,03;5,48;5,08;4,69;4,31;4,44;5,08;5,61;5,75;1;1;1;1;1;1;1;1;1;1;1;1;1;1;1;1;1;1;1;1;1;1;1;1;1;1;1;1;1;1;1;
39640000;2;01/12/1995;;1;1;5,75;3,82;4,64;1;27;1;1;1;12,5;1;5,75;5,61;5,61;5,61;5,48;5,21;5,08;5,08;5,08;5,08;4,95;4,95;4,82;4,82;4,69;4,56;4,56;4,44;4,31;4,31;4,31;4,19;4,19;4,07;4,07;3,94;3,82;3,82;3,82;3,82;3,82;1;1;1;1;1;2;1;1;1;1;1;1;1;1;1;1;1;1;1;1;1;1;1;1;1;1;1;1;1;1;1;
39640000;2;01/11/1995;;1;1;9,17;5,61;6,94;25;23;1;1;1;12,5;1;6,45;6,59;7,62;7,32;7,03;7,03;8,07;7,62;7,17;6,88;6,59;6,59;7,32;7,03;7,03;7,03;7,03;6,59;6,31;6,17;6,17;6,17;5,61;8,23;9,17;8,54;7,03;6,17;5,89;5,75;;1;1;1;1;1;1;1;1;1;1;1;1;1;1;1;1;1;1;1;1;1;1;1;1;1;1;1;1;1;1;;
39640000;2;01/10/1995;;1;1;9,82;6,45;7,81;1;31;1;1;1;12,5;1;9,82;9,33;9,17;9,17;9,01;8,85;8,7;8,7;8,54;8,07;7,92;7,47;7,47;7,77;7,77;7,62;7,62;7,62;7,32;7,32;7,32;7,32;7,32;7,03;6,74;6,74;6,74;7,03;7,03;7,03;6,45;1;1;1;1;1;1;1;1;1;1;1;1;1;1;1;1;1;1;1;1;1;1;1;1;1;1;1;1;1;1;1;
39640000;2;01/09/1995;;1;1;17;9,82;11,8;1;29;1;1;1;12,5;1;17;15,9;14,6;14;13,4;13,1;14,7;14,4;12,7;12,2;11,2;11,2;11;10,8;11;11;10,8;10,6;10,5;10,5;10,6;10,8;10,3;10,1;10,5;11;10,8;10,3;9,82;9,82;;1;1;1;2;2;2;1;1;1;1;1;1;1;1;1;1;1;1;1;1;1;1;1;1;1;1;1;1;1;1;;
39640000;2;01/08/1995;;1;1;22,8;13,3;16,5;28;25;1;2;1;12,5;1;20,7;20,1;20,1;18,4;18;17,4;17,2;17,6;17,4;17;16,8;15,7;15,3;14,6;15,1;15,1;14,6;16,5;16,1;15,1;14,4;14;13,8;13,4;13,3;14,9;20,3;21,3;17,6;15,7;15,3;1;1;1;1;1;1;2;1;1;2;1;1;1;2;1;1;1;1;1;1;2;2;2;2;2;1;1;1;1;1;1;
39640000;2;01/07/1995;;1;1;108;18,2;33,5;3;14;1;1;1;12,5;1;39,3;91;105;43,6;43,6;31,3;27,5;23,3;22;22,4;20,5;19;18,8;18,2;19,9;30,8;28,9;27,5;24,4;23,1;24,2;24,6;25,9;44,6;50,2;42;42,2;32,8;25,9;24,8;22,4;1;1;1;1;1;1;1;1;1;1;1;2;1;1;1;1;1;1;1;1;1;1;1;1;1;1;1;1;1;1;1;
39640000;2;01/06/1995;;1;1;111;9,49;28,6;26;2;1;1;1;12,5;1;10,1;9,49;41,4;63,4;49,6;38,6;19,7;22,4;30,6;21,8;19,3;23,7;22;19,5;17,2;17,6;15,7;11,2;11,2;11,2;13,3;15,1;12,9;19,3;63,7;110;67,1;33,5;25;22;;1;1;1;1;1;1;1;1;1;1;1;1;1;1;1;1;1;1;1;1;1;1;1;1;1;1;1;1;1;1;;
39640000;2;01/05/1995;;1;1;27,5;5,89;13;1;13;1;1;1;12,5;1;27,3;24,4;17,6;11,8;9,66;9,98;8,7;8,23;7,62;7,17;6,59;6,17;5,89;6,17;6,88;7,92;7,77;9,98;11,8;9,98;8,23;7,62;12,4;26,6;25,5;23,5;24,6;19,7;19,7;13,3;11,2;1;1;1;1;1;1;1;1;1;1;1;1;1;1;1;1;1;1;1;1;1;1;1;1;1;1;1;1;1;1;1;
39640000;2;01/04/1995;;1;1;17;4,19;8,56;14;1;1;1;1;12,5;1;4,19;4,19;4,19;4,69;6,17;10,8;10,3;9,66;8,23;14,7;13,3;11,3;10,3;16,8;15,3;12,2;9,82;7,92;7,62;7,92;7,32;6,74;6,03;6,03;5,48;5,21;5,34;5,48;6,17;13,4;;1;1;1;1;1;1;1;1;1;1;1;1;1;1;1;1;1;1;1;1;1;1;1;1;1;1;1;1;1;1;;
39640000;2;01/03/1995;;1;1;6,74;4,31;5,2;15;31;1;1;1;12,5;1;5,34;5,21;5,08;4,95;4,82;4,82;4,82;4,82;4,82;4,82;4,69;4,69;5,08;6,45;6,74;6,59;6,17;5,89;5,61;5,21;5,21;5,21;5,21;5,08;4,95;5,34;5,21;4,95;4,69;4,56;4,31;1;1;1;1;1;1;1;1;1;1;1;1;1;1;1;1;1;1;1;1;1;1;1;1;1;1;1;1;1;1;1;
39640000;2;01/02/1995;;1;1;11,8;5,34;6,3;19;18;1;1;1;12,5;1;6,03;5,89;5,75;5,89;5,61;5,61;6,17;6,17;5,89;5,75;6,45;6,31;6,03;6,03;5,75;5,61;5,48;5,34;11,8;10,3;7,92;6,45;6,03;5,75;5,48;5,75;5,75;5,34;;;;1;1;1;1;1;1;1;1;1;1;1;1;1;1;1;1;1;1;1;2;2;2;1;1;1;1;1;1;0;0;;
39640000;2;01/01/1995;;1;1;9,17;6,03;7,32;1;25;1;1;1;12,5;1;9,17;8,54;8,54;8,38;8,38;8,54;8,54;8,54;8,54;8,54;7,92;7,62;7,47;7,47;7,47;7,32;7,17;6,88;6,74;6,59;6,59;6,45;6,31;6,17;6,03;6,03;6,03;6,17;6,31;6,31;6,17;1;1;1;1;1;1;1;1;1;1;1;1;1;1;1;1;1;1;1;1;1;1;1;1;1;1;1;1;1;1;1;
39640000;2;01/12/1994;;1;1;11,3;8,7;9,59;2;21;1;1;1;20,7999992370605;1;11,2;11,3;11,2;10,8;10,6;10,1;10,1;9,98;9,82;9,66;9,66;9,49;9,49;9,49;9,49;9,33;9,33;9,17;9,49;8,85;8,7;8,7;8,7;8,7;8,7;8,7;8,85;9,66;9,49;9,33;9,17;1;1;1;1;1;1;1;1;1;1;1;1;1;1;1;1;1;1;1;1;1;1;1;1;1;1;1;1;1;1;1;
39640000;2;01/11/1994;;1;1;17;10,8;12,8;2;29;1;1;1;20,7999992370605;1;16,7;17;15,1;14,4;14;13,6;14;13,4;13,3;12,6;12,4;12,4;12,6;12,2;11,8;11,7;13,3;13,3;14;13,1;12,4;11,3;11;11,3;12;12,4;11,2;11,2;10,8;10,8;;1;1;1;1;1;1;1;1;1;1;1;1;1;1;1;1;1;1;1;1;1;1;1;1;1;1;1;1;1;1;;
39640000;2;01/10/1994;;1;1;25,9;14;17,2;7;30;1;1;1;20,7999992370605;1;20,3;20,9;20,7;19,7;18,2;25;25,9;20,7;18,4;18,2;17,4;17,2;16,8;16,8;16,3;16,3;15,9;15,5;15,3;15,3;15,1;15,1;15,5;15,3;14,7;14,4;14,4;14,4;14,2;14;16,7;1;1;1;1;1;1;1;1;1;1;1;1;1;1;1;1;1;1;1;1;1;1;1;1;1;1;1;1;1;1;1;
39640000;2;01/09/1994;;1;1;100;18,6;30,1;9;28;1;1;1;20,7999992370605;1;22;21,1;20,7;20,5;20,1;19,5;19,3;37,3;94,4;70,2;37;27,3;33,5;35,5;46,6;53,3;35;26,2;24,8;24,4;23,7;23,5;22;21,3;22,6;22,8;20,5;18,6;19,9;20,5;;1;1;1;1;1;1;1;1;1;1;1;1;1;1;1;1;1;1;1;1;1;1;1;1;1;1;1;1;1;1;;
39640000;2;01/08/1994;;1;1;67,4;22,8;30,4;19;31;1;1;1;20,7999992370605;1;38;31,6;30,6;28,9;27,8;26,9;26,2;27,3;25,9;26,6;27,3;27,1;27,1;25,7;26,2;29,9;27,5;34,5;63,4;47,7;42,8;31,8;27,1;27,5;30,1;31,8;28,2;26,6;24,8;24,2;22,8;1;1;1;1;1;1;1;1;1;1;1;1;1;1;1;1;1;1;1;1;1;1;1;1;1;1;1;1;1;1;1;
39640000;2;01/07/1994;;1;1;81,5;29,2;51,1;9;14;1;1;1;20,7999992370605;1;51,9;63,4;38,6;66,8;58;42,5;36,3;49,6;81,2;50,7;35;29,4;29,9;29,2;33,5;76,3;73,7;63,7;80,5;54,7;39,9;40,9;47,1;77,6;49;41,4;40,9;52,2;57,1;50,2;42,8;1;1;1;1;1;1;1;1;1;1;1;1;1;1;1;1;1;1;1;1;1;1;1;1;1;1;1;1;1;1;1;
39640000;2;01/06/1994;;1;1;145;11,2;49,5;21;1;1;1;1;20,7999992370605;1;11,2;12,2;53,6;99,7;107;72,1;46;30,6;25,5;21,6;20,3;18,6;19;18,6;16,7;16,8;96,2;116;62,2;118;136;78,9;53;40,4;34;34,5;30,8;30,8;34,5;30,1;;1;1;1;1;1;1;1;1;1;1;1;1;1;1;1;1;1;1;1;1;1;1;1;1;1;1;1;1;1;1;;
39640000;2;01/05/1994;;1;1;91;8,38;28,7;9;1;1;1;1;20,7999992370605;1;8,38;9,49;9,82;10,8;12,7;17;25,7;63,1;87,6;55;41,2;35,5;23,9;34,7;55,6;63,1;34;26,6;21,1;18,4;25;32,5;39,1;31,1;24,6;18,2;15,7;14;13,1;11,7;11,2;1;1;1;1;1;1;1;1;1;1;1;1;1;1;1;1;1;1;1;1;1;1;1;1;1;1;1;1;1;1;1;
39640000;2;01/04/1994;;1;1;8,07;3,71;5,46;27;10;1;1;1;20,7999992370605;1;7,17;6,31;7,47;5,89;4,82;4,69;4,19;3,94;3,82;3,71;3,82;4,07;4,19;4,19;3,94;3,82;3,71;3,82;4,69;6,17;7,47;6,74;6,45;5,61;7,03;7,47;8,07;7,77;6,45;6,17;;1;1;1;1;1;1;1;1;1;1;1;1;1;1;1;1;1;1;1;1;1;1;1;1;1;1;1;1;1;1;;
39640000;2;01/03/1994;;1;1;23,9;3,02;5,63;29;12;1;1;1;20,7999992370605;1;6,45;4,82;4,56;4,31;4,07;3,94;3,82;3,59;3,47;3,36;3,13;3,02;3,13;3,24;3,24;3,24;3,47;3,59;3,47;3,47;4,44;4,95;6,45;7,32;5,89;5,21;8,07;18;19,9;10,8;8,07;1;1;1;1;1;1;1;1;1;1;1;1;1;1;1;1;1;1;1;1;1;1;1;1;1;1;1;1;1;1;1;
39640000;2;01/02/1994;;1;1;9,82;3,36;4,59;19;4;1;1;1;20,7999992370605;1;3,59;3,47;3,47;3,36;3,36;3,59;3,94;3,94;4,07;4,07;4,07;3,82;4,31;4,31;4,44;4,07;4,56;7,47;9,17;7,17;5,34;4,44;4,19;3,94;4,07;4,69;4,69;7,03;;;;1;1;1;1;1;1;1;1;1;1;1;1;1;1;1;1;1;1;1;1;1;1;1;1;1;1;1;1;0;0;;
39640000;2;01/01/1994;;1;1;9,82;3,47;4,66;7;30;1;1;1;20,7999992370605;1;5,08;4,95;4,56;4,56;5,61;7,62;9,17;6,74;5,75;5,48;4,82;4,56;4,44;4,19;4,19;4,07;4,31;4,19;4,07;4,07;3,94;3,82;3,82;4,19;4,07;3,82;3,71;3,71;3,94;3,47;3,59;1;1;1;1;1;1;1;1;1;1;1;1;1;1;1;1;1;1;1;1;1;1;1;1;1;1;1;1;1;1;1;
39640000;2;01/12/1993;;1;1;6,45;4,56;5,45;7;21;1;1;1;8,43000030517578;2;6,31;6,03;5,75;5,89;6,03;6,31;6,45;6,45;6,03;5,61;5,61;5,48;5,48;5,48;5,21;5,08;4,95;4,82;4,82;4,69;4,56;4,69;4,69;4,82;5,21;5,89;6,31;5,48;5,08;4,95;4,82;1;1;1;1;1;1;1;1;1;1;1;1;1;1;1;1;1;1;1;1;1;1;1;1;1;1;1;1;1;1;1;
39640000;2;01/11/1993;;1;1;129;6,45;15;2;29;1;1;1;8,43000030517578;2;22;128;57,4;22,8;14,7;11,7;10,5;10,1;9,49;9,17;9,17;9,66;9,33;8,7;8,54;7,92;7,92;7,77;7,77;7,62;7,47;7,62;7,47;7,47;7,03;6,88;6,74;6,74;6,45;6,45;;1;1;1;1;1;1;1;1;1;1;1;1;1;1;1;1;1;1;1;1;1;1;1;1;1;1;1;1;1;1;;
39640000;2;01/10/1993;;1;1;13,3;4,19;5,51;10;26;1;1;1;8,43000030517578;2;4,95;4,82;4,82;4,82;4,82;4,69;4,69;4,31;10,5;12,6;8,54;6,59;5,75;5,48;5,34;5,08;5,08;5,48;5,61;5,34;4,95;4,95;4,95;4,82;4,56;4,19;4,31;4,95;4,56;4,44;4,69;1;1;1;1;1;1;1;1;1;1;1;1;1;1;1;1;1;1;1;1;1;1;1;1;1;1;1;1;1;1;1;
39640000;2;01/09/1993;;1;1;7,92;5,08;6,29;1;29;1;1;1;8,43000030517578;2;7,92;7,77;7,32;7,32;7,17;7,03;7,03;7,03;6,59;6,45;6,45;6,17;6,17;6,59;6,74;6,74;6,74;6,45;6,03;5,89;5,61;5,48;5,34;5,34;5,34;5,34;5,34;5,21;5,08;5,08;;1;1;1;1;1;1;1;1;1;1;1;1;1;1;1;1;1;1;1;1;1;1;1;1;1;1;1;1;1;1;;
39640000;2;01/08/1993;;1;1;56,8;7,47;13,2;1;23;1;1;1;8,43000030517578;2;54,2;42;29,2;21,3;14,7;12,7;11,7;10,8;10,6;10,6;9,17;8,85;8,54;8,7;9,17;8,85;8,38;8,23;8,07;7,92;7,92;7,77;7,47;7,62;13,4;16,8;12,2;9,82;8,23;7,77;7,62;1;1;1;1;1;1;1;1;1;1;1;1;1;1;1;1;1;1;1;1;1;1;1;1;1;1;1;1;1;1;1;
39640000;2;01/07/1993;;1;1;19,9;6,45;9,94;14;3;1;1;1;8,43000030517578;2;7,17;6,88;6,45;6,45;6,45;6,59;6,74;6,45;6,45;7,17;7,77;7,92;11,7;19;17,2;14,9;12,2;11,3;13,4;12,9;12,6;12,4;11,8;10,8;9,66;9,33;8,85;8,38;8,07;8,38;12,9;1;1;1;1;1;1;1;1;1;1;1;1;1;1;1;1;1;1;1;1;1;1;1;1;1;1;1;1;1;1;1;
39640000;2;01/06/1993;;1;1;42,2;6,31;11,9;10;5;1;1;1;8,43000030517578;2;7,77;6,88;6,45;6,45;6,31;6,31;6,74;7,17;9,17;33,8;33,8;16,7;14,2;16,1;19;14,6;14,9;18,4;14,9;11,2;9,98;9,17;8,85;10,3;10,1;7,92;8,23;7,92;7,77;7,32;;1;1;1;1;1;1;1;1;1;1;1;1;1;1;1;1;1;1;1;1;1;1;1;1;1;1;1;1;1;1;;
39640000;2;01/05/1993;;1;1;18,2;5,89;7,9;2;19;1;1;1;8,43000030517578;2;12;16,8;15,5;9,98;8,7;8,07;7,47;7,03;6,88;6,74;6,45;6,45;6,45;6,45;6,31;6,31;6,03;6,03;5,89;6,03;6,45;7,17;7,47;7,03;6,88;7,17;7,62;7,92;7,92;9,66;8,07;1;1;1;1;1;1;1;1;1;1;1;1;1;1;1;1;1;1;1;1;1;1;1;1;1;1;1;1;1;1;1;
39640000;2;01/04/1993;;1;1;10,5;5,61;6,41;29;18;1;1;1;8,43000030517578;2;6,59;6,31;6,17;6,17;6,03;5,89;5,89;6,88;6,59;6,17;6,03;5,89;5,89;5,89;5,89;5,89;5,75;5,61;5,75;6,17;6,74;6,59;6,17;6,31;6,03;6,03;5,89;7,03;10,1;9,82;;1;1;1;1;1;1;1;1;1;1;1;1;1;1;1;1;1;1;1;1;1;1;1;1;1;1;1;1;1;1;;
39640000;2;01/03/1993;;1;1;7,32;;6;30;;1;0;2;8,43000030517578;2;;;;;;;;;;;;;;;;;;;;;;;;;;;;;;7,32;6,74;0;0;0;0;0;0;0;0;0;0;0;0;0;0;0;0;0;0;0;0;0;0;0;0;0;0;0;0;0;1;1;
39640000;2;01/02/1993;;1;1;;;6,5;;;0;0;2;8,43000030517578;2;;;;;;;;;;;;;;;;;;;;;;;;;;;;;;;;0;0;0;0;0;0;0;0;0;0;0;0;0;0;0;0;0;0;0;0;0;0;0;0;0;0;0;0;0;0;;
39640000;2;01/01/1993;;1;1;;;7;;;0;0;2;8,43000030517578;2;;;;;;;;;;;;;;;;;;;;;;;;;;;;;;;;0;0;0;0;0;0;0;0;0;0;0;0;0;0;0;0;0;0;0;0;0;0;0;0;0;0;0;0;0;0;0;
39640000;2;01/12/1992;;1;1;13,6;9,66;11,6;1;29;1;2;1;22,3999996185303;2;13,6;13,6;13,3;13,1;13,1;13,3;12,9;12,6;12,6;13,1;13,1;12,6;12,4;12,2;12;11,8;11,5;11,2;10,8;10,6;10,5;10,3;10,1;10,1;9,98;9,82;9,82;9,82;9,66;9,66;9,66;1;1;1;1;1;1;1;1;1;1;1;1;1;1;2;1;1;2;2;2;2;2;2;2;2;2;2;2;2;2;2;
39640000;2;01/11/1992;;1;1;18,2;13,6;15,8;7;29;1;1;1;22,3999996185303;2;17,4;17;16,8;16,7;17;17,4;17,8;17,8;17;17;16,7;16,3;16,1;15,7;15,5;15,3;15,1;15,1;14,7;14,7;14,9;15,7;15,5;14,9;14,6;14,6;14,2;13,8;13,6;13,6;;1;1;1;1;1;1;1;1;1;1;1;1;1;1;1;1;1;1;1;1;1;1;1;1;1;1;1;1;1;1;;
39640000;2;01/10/1992;;1;1;26,6;17,8;21,3;1;24;1;1;1;22,3999996185303;2;26,6;25,9;25;24,4;23,1;22,2;21,3;21,1;22;25;24,8;23,9;22,8;22;20,9;19,7;18,8;19,5;20,5;21,3;20,9;20,1;19,3;17,8;20,5;19,5;19;18,6;18,6;18,2;17,8;1;1;1;1;1;1;1;1;1;1;1;1;1;1;1;1;1;1;1;1;1;1;1;1;1;1;1;1;1;1;1;
39640000;2;01/09/1992;;1;1;83,2;20,3;35,3;23;11;1;1;1;22,3999996185303;2;24,6;24,2;31,1;26,4;24,2;22,6;21,3;20,9;20,9;20,7;20,3;22;26,9;30,8;48,8;50,7;50,7;37,5;33,5;31,3;66,8;70,5;82,8;57,1;42,8;35,2;30,8;28,7;27,3;26,9;;1;1;1;1;1;1;1;1;1;1;1;1;1;1;1;1;1;1;1;1;1;1;1;1;1;1;1;1;1;1;;
39640000;2;01/08/1992;;1;1;53,9;22,4;30,5;8;28;1;1;1;22,3999996185303;2;31,1;30,6;26,9;24,2;23,7;32;51,3;51,6;44,1;43,8;46,8;45,2;36,5;32,5;28;27,1;27,1;26,2;24,8;24,4;25,5;25,9;26,4;24,8;23,7;23,3;22,6;22,4;22,4;24,2;26,4;1;1;1;2;2;1;1;1;1;1;1;1;1;1;1;1;1;1;1;1;1;1;1;1;1;1;1;1;1;1;1;
39640000;2;01/07/1992;;1;1;82,8;23,5;34,8;29;11;1;1;1;22,3999996185303;2;35,5;33,3;34,7;28,2;25,7;25;24,4;23,7;24,4;24,4;23,5;28,5;70,8;48,8;43,6;38,8;30,6;29,4;32,8;46,8;36;31,3;27,1;25;24,8;24,6;27,8;34,5;82,2;57,7;36;1;1;1;1;1;1;1;1;1;1;1;1;1;1;1;1;1;1;1;1;1;1;1;1;1;1;1;1;1;1;1;
39640000;2;01/06/1992;;1;1;65,2;;27,5;24;;1;0;2;22,3999996185303;2;;;;;;;;;;;;;;;;;;;;;;34,7;48,8;63,4;49,9;39,9;30,8;29,6;38;45,7;;0;0;0;0;0;0;0;0;0;0;0;0;0;0;0;0;0;0;0;0;0;1;1;1;1;1;1;1;1;1;;
39640000;2;01/05/1992;;1;1;30,6;;15;1;;1;0;2;22,3999996185303;2;30,1;27,8;25;23,9;23,5;22;21,1;20,5;19,9;19;18,4;17;16,7;14,7;13,8;;;;;;;;;;;;;;;;;1;1;1;1;1;1;1;1;1;1;1;1;1;1;2;0;0;0;0;0;0;0;0;0;0;0;0;0;0;0;0;
39640000;2;01/04/1992;;1;1;41,2;10,1;19,2;1;30;1;2;1;22,3999996185303;2;40,4;37,3;35,2;33,5;31,6;27,3;26,4;23,1;22,2;22;33,3;19,9;16,8;16,5;15,9;15,7;14,9;13,6;12,9;12;10,8;10,5;10,3;10,3;11;10,8;10,5;10,3;10,3;10,1;;1;1;1;1;1;1;1;1;1;1;1;1;1;2;2;2;2;2;2;2;2;2;2;2;2;2;2;2;2;2;;
39640000;2;01/03/1992;;1;1;58;;30;28;;1;0;2;22,3999996185303;2;;;;;;;;;;;;;;;;;;;;;;;;;;;48,8;57,1;56,2;52,4;44,6;0;0;0;0;0;0;0;0;0;0;0;0;0;0;0;0;0;0;0;0;0;0;0;0;0;0;1;1;1;1;1;
39640000;2;01/02/1992;;1;1;59,2;9,33;19,9;22;9;1;2;1;22,3999996185303;2;14,9;11,8;10,8;10,5;10,1;9,98;9,66;9,49;9,33;9,33;9,49;19,9;13,4;11,7;16,3;32,5;30,8;24,6;34,7;31,6;47,7;57,7;43,6;31,3;16,7;13,3;12,6;12;11,7;;;1;1;2;2;2;2;2;2;2;2;2;1;1;1;1;1;1;1;1;1;1;1;1;1;2;2;2;2;2;0;;
39640000;2;01/01/1992;;1;1;30,6;;8,5;31;;1;0;2;22,3999996185303;2;;;;;;;;;;;;;;;;;;;;;;;;;13,6;13,6;12;11,7;12,4;15,9;26,6;0;0;0;0;0;0;0;0;0;0;0;0;0;0;0;0;0;0;0;0;0;0;0;0;1;1;1;1;1;1;1;
39640000;2;01/12/1991;;1;1;7,9;;7;2;;1;0;2;14,6000003814697;2;7,71;7,9;7,53;;;;;;;;;;;;;;;;;;;;;;;;;;;;;1;1;1;0;0;0;0;0;0;0;0;0;0;0;0;0;0;0;0;0;0;0;0;0;0;0;0;0;0;0;0;
39640000;2;01/11/1991;;1;1;14,6;8,09;10,1;24;30;1;1;1;14,6000003814697;2;11,9;11,3;11,1;10,7;10,1;10,1;9,85;9,65;9,45;9,45;9,45;9,06;8,67;9,06;10,9;12,6;11,3;9,45;9,06;8,86;8,67;8,86;12,6;13,9;11,7;10,5;9,85;9,06;8,47;8,09;;1;1;1;1;1;1;1;1;1;1;1;1;1;1;1;1;1;1;1;1;1;1;1;1;1;1;1;1;1;1;;
39640000;2;01/10/1991;;1;1;17,7;12,4;14,6;1;31;1;1;1;14,6000003814697;2;17,7;17;16,3;15,8;15,6;15,3;14,9;14,6;14,2;14,2;15,6;15,3;14,4;15,1;14,9;14,2;13,5;13;13;13,9;13,5;13,3;13,7;14,2;14,4;13,9;13,9;16;14,6;13;12,4;1;1;1;1;1;1;1;1;1;1;1;1;1;1;1;1;1;1;1;1;1;1;1;1;1;1;1;1;1;1;1;
39640000;2;01/09/1991;;1;1;36,6;17,4;22,8;4;27;1;1;1;14,6000003814697;2;30,6;28,6;29,2;35,8;33,2;27,5;26,4;26,6;25,5;23,8;23,6;23,4;22,6;21,8;21,2;20,8;20;19,6;19,2;19;18,7;19;19,4;19,4;18,5;17,9;17,4;17,4;17,9;19,2;;1;1;1;1;1;1;1;1;1;1;1;1;1;1;1;1;1;1;1;1;1;1;1;1;1;1;1;1;1;1;;
39640000;2;01/08/1991;;1;1;143;8,86;39,5;18;11;1;1;1;14,6000003814697;2;24,2;24,2;19;17,5;14,2;13,9;13;12,2;11,7;11,3;8,86;9,85;11,1;11,7;12,6;27,9;110;141;111;72,7;50,6;45,3;38,8;36,8;41,1;52;82,7;66,9;47,2;45,6;39,1;1;1;1;1;1;1;1;1;1;1;1;1;1;1;1;1;1;1;1;1;1;1;1;1;1;1;1;1;1;1;1;
39640000;2;01/07/1991;;1;1;24,7;10,3;13,5;31;27;1;1;1;14,6000003814697;2;14,9;16;16;14,9;14,4;13,5;12,8;11,9;12,6;14,9;13,7;13,3;13,9;14,2;13;12,2;11,7;11,5;12,6;12,6;11,7;11,1;11,1;10,9;11,1;10,7;10,3;11,9;11,7;22,2;24,7;1;1;1;1;1;1;1;1;1;1;1;1;1;1;1;1;1;1;1;1;1;1;1;1;1;1;1;1;1;1;1;
39640000;2;01/06/1991;;1;1;55,1;13,3;20,7;2;22;1;1;1;14,6000003814697;2;30,4;53,1;39,3;29,9;25,7;24,9;22,8;29,7;21,6;20,6;20,8;20,8;19,2;17,4;16;15,8;15,3;14,6;14,4;13,9;13,5;13,3;14,9;16,8;17,5;15,3;15,3;17;16;15,3;;1;1;1;1;1;1;1;1;1;1;1;1;1;1;1;1;1;1;1;1;1;1;1;1;1;1;1;1;1;1;;
39640000;2;01/05/1991;;1;1;72,4;8,86;23,8;15;13;1;1;1;14,6000003814697;2;16,8;21,2;15,1;13,3;14,4;34,9;53,4;30,4;23;17,7;12,2;9,85;8,86;10,9;68,8;59;32,5;23,6;22,6;17;15,3;14,6;18,9;25,3;19,8;33,2;26,6;19,6;17,5;17,2;23,2;1;1;1;1;1;1;1;1;1;1;1;1;1;1;1;1;1;1;1;1;1;1;1;1;1;1;1;1;1;1;1;
39640000;2;01/04/1991;;1;1;13,5;;7;30;;1;0;2;14,6000003814697;2;;;;;;;;;;;;;;;;;;;;;;;;;;7,53;9,25;11,1;13;13,5;;0;0;0;0;0;0;0;0;0;0;0;0;0;0;0;0;0;0;0;0;0;0;0;0;0;1;1;1;1;1;;
39640000;2;01/03/1991;;1;1;7,9;;6;17;;1;0;2;14,6000003814697;2;;;;;;;;;;;;;;;;;7,71;7,34;;;;;;;;;;;;;;0;0;0;0;0;0;0;0;0;0;0;0;0;0;0;0;1;1;0;0;0;0;0;0;0;0;0;0;0;0;0;
39640000;2;01/02/1991;;1;1;;;5,25;;;0;0;2;14,6000003814697;2;;;;;;;;;;;;;;;;;;;;;;;;;;;;;;;;0;0;0;0;0;0;0;0;0;0;0;0;0;0;0;0;0;0;0;0;0;0;0;0;0;0;0;0;0;0;;
39640000;2;01/01/1991;;1;1;;;5,5;;;0;0;2;14,6000003814697;2;;;;;;;;;;;;;;;;;;;;;;;;;;;;;;;;0;0;0;0;0;0;0;0;0;0;0;0;0;0;0;0;0;0;0;0;0;0;0;0;0;0;0;0;0;0;0;
39640000;2;01/12/1990;;1;1;11,1;6,1;7,32;25;22;1;2;1;16;1;7,34;6,8;8,67;7,9;8,28;8,28;8,28;8,28;7,71;7,71;7,34;6,98;6,8;6,8;6,62;6,62;6,44;6,44;6,27;6,27;6,27;6,1;6,1;8,47;10,9;9,85;7,9;6,8;6,44;6,27;6,1;1;2;1;1;1;1;1;1;1;1;1;2;2;2;2;2;2;2;2;2;2;2;2;1;1;1;1;2;2;2;2;
39640000;2;01/11/1990;;1;1;11,7;7,53;9,88;2;30;1;1;1;16;1;11,5;11,7;11,5;11,1;10,9;10,7;11,3;10,9;10,7;10,7;10,3;9,85;9,25;9,25;9,25;10,1;11,1;10,5;9,45;9,65;9,65;9,45;9,06;8,86;9,06;8,67;8,28;8,09;7,9;7,53;;1;1;1;1;1;1;1;1;1;1;1;1;1;1;1;1;1;1;1;1;1;1;1;1;1;1;1;1;1;1;;
39640000;2;01/10/1990;;1;1;30,2;11,7;16,7;4;26;1;1;1;16;1;22;24;27,2;29,7;27,9;24;22;20,2;17,9;17,2;16;15,6;14,9;14,6;14,9;14,4;14,2;13,7;14,4;14,6;13,7;13,7;12,6;12,4;11,9;11,7;11,7;11,9;12,6;13,3;13;1;1;1;1;1;1;1;1;1;1;1;1;1;1;1;1;1;1;1;1;1;1;1;1;1;1;1;1;1;1;1;
39640000;2;01/09/1990;;1;1;51,1;13,7;18,4;28;26;1;1;1;16;1;17,9;17,5;17,5;18,7;18,1;17,9;16,5;16,5;16;15,8;17,5;15,3;15,6;15,3;14,6;14,4;14,6;14,6;15,1;15,3;15,3;16;16,3;15,6;13,9;13,7;18,9;47,2;43,5;27,7;;1;1;1;1;1;1;1;1;1;1;1;1;1;1;1;1;1;1;1;1;1;1;1;1;1;1;1;1;1;1;;
39640000;2;01/08/1990;;1;1;42,4;17,9;24,6;6;31;1;1;1;16;1;24,2;28,1;26,4;23,2;28,1;41,1;32,2;27;24,7;24,9;23,8;22,6;23;24,7;31,5;26,6;24;24,9;23;21,8;21,2;20,2;20;21;27,5;25,1;22,4;21,4;19,8;18,9;17,9;1;1;1;1;1;1;1;1;1;1;1;1;1;1;1;1;1;1;1;1;1;1;1;1;1;1;1;1;1;1;1;
39640000;2;01/07/1990;;1;1;90;20;37,2;11;1;1;1;1;16;1;20;24,9;32,5;25,3;40,3;66;43,5;39,8;32,9;37,3;87,5;59,9;40,6;51,7;38,8;24,9;37,8;56,9;41,6;25,9;22,6;26,6;22,8;20,4;32,2;28,8;24,9;26,4;44,8;45,1;30,4;1;1;1;1;1;1;1;1;1;1;1;1;1;1;1;1;1;1;1;1;1;1;1;1;1;1;1;1;1;1;1;
39640000;2;01/06/1990;;1;1;79,3;10,1;19,9;3;25;1;1;1;16;1;18,1;69,8;72;41,4;29,2;21,4;17,7;16,5;18,3;20,6;17;14,9;14,4;15,1;14,4;13,3;12,8;12,8;11,9;11,5;11,1;10,7;10,7;10,3;10,1;13;14,9;15,3;15,1;21,6;;1;1;1;1;1;1;1;1;1;1;1;1;1;1;1;1;1;1;1;1;1;1;1;1;1;1;1;1;1;1;;
39640000;2;01/05/1990;;1;1;64,8;6,62;14;29;23;1;2;1;16;1;17,9;16,8;13,9;11,7;10,5;9,85;9,85;9,06;8,47;8,09;7,71;7,71;7,71;7,16;6,8;7,9;7,9;8,47;8,47;7,53;7,16;6,8;6,62;6,62;8,86;26,2;23,8;21,4;63,2;45,3;23,2;1;1;1;1;1;1;1;1;1;1;1;1;1;2;2;1;1;1;1;1;2;2;2;2;1;1;1;1;1;1;1;
39640000;2;01/04/1990;;1;1;33,7;6,44;12,2;28;1;1;2;1;16;1;6,44;6,62;9,25;10,1;8,28;7,53;7,34;8,47;11,5;9,25;7,9;7,53;7,16;6,8;6,62;6,62;6,44;6,44;8,09;12,6;12,2;12,2;17,2;21,4;28,3;20,2;19,2;31,1;24,9;19,2;;2;2;1;1;1;1;1;1;1;1;1;1;2;2;2;2;2;2;1;1;1;1;1;1;1;1;1;1;1;1;;
39640000;2;01/03/1990;;1;1;22;6,44;8,96;21;30;1;2;1;16;1;9,65;8,86;9,06;9,25;13;10,9;10,1;8,86;8,47;8,28;7,9;7,34;7,34;7,34;7,34;7,16;7,16;7,34;7,53;13,3;19,4;16,5;9,65;8,28;7,71;7,16;6,8;6,62;6,62;6,44;6,44;1;1;1;1;1;1;1;1;1;1;1;1;1;1;1;1;1;1;1;1;1;1;1;1;1;2;2;2;2;2;2;
39640000;2;01/02/1990;;1;1;17,4;8,09;9,97;1;25;1;1;1;16;1;16,5;14,9;11,1;11,1;11,3;10,7;10,7;10,7;10,3;10,3;10,1;9,45;9,85;9,45;9,06;9,06;9,06;9,06;8,86;8,67;9,06;8,47;8,47;8,28;8,09;8,67;8,67;9,25;;;;1;1;1;1;1;1;1;1;1;1;1;1;1;1;1;1;1;1;1;1;1;1;1;1;1;1;1;1;0;0;;
39640000;2;01/01/1990;;1;1;16,5;10,9;13,3;1;27;1;1;1;16;1;16,3;15,6;14,9;14,9;15,8;16;14,9;14,9;13,7;13,5;13,5;13,7;14,9;14,9;13,3;13;12,8;12,6;12,2;11,7;11,7;12,2;12,2;11,7;11,5;11,1;10,9;11,3;11,5;11,1;14,6;1;1;1;1;1;1;1;1;1;1;1;1;1;1;1;1;1;1;1;1;1;1;1;1;1;1;1;1;1;1;1;
39640000;2;01/12/1989;;1;1;36,3;15,6;18,7;20;3;1;1;1;30,7999992370605;1;16,5;16,3;15,6;17;16;15,8;15,8;17;28,8;21,2;17,4;19,6;21,4;17,9;16,3;15,8;17;17,9;17,7;35,1;23,8;16,5;16,5;15,8;21,4;20,6;17,4;17,4;18,3;18,3;16,5;1;1;1;1;1;1;1;1;1;1;1;1;1;1;1;1;1;1;1;1;1;1;1;1;1;1;1;1;1;1;1;
39640000;2;01/11/1989;;1;1;20,8;15,6;18,7;18;29;1;1;1;30,7999992370605;1;20,6;19,6;19,2;20,6;20,2;19,8;19,6;19,8;19,4;19,8;19,4;18,9;18,5;17,9;17,7;17,9;20;20,8;19,8;19;19;18,9;18,3;17,9;17,4;16,8;16,5;15,8;15,6;15,8;;1;1;1;1;1;1;1;1;1;1;1;1;1;1;1;1;1;1;1;1;1;1;1;1;1;1;1;1;1;1;;
39640000;2;01/10/1989;;1;1;28,1;19,8;22,4;21;19;1;1;1;30,7999992370605;1;24,4;24,2;24,7;24,7;24,4;23,8;23,4;23;23,2;22,2;22;21,8;21,6;21,2;20,8;21;20,4;20,2;19,8;20,6;27,9;26,4;22,6;21;20,4;20;20,6;21,2;21,6;22,8;21,8;1;1;1;1;1;1;1;1;1;1;1;1;1;1;1;1;1;1;1;1;1;1;1;1;1;1;1;1;1;1;1;
39640000;2;01/09/1989;;1;1;52,3;24,9;32;20;30;1;1;1;30,7999992370605;1;43,7;37,8;34,6;32,7;32;31,8;31,5;31,3;30,4;29,7;30,2;29,7;28,8;27,9;27,7;27,5;27;26,6;26,2;50,8;50;42,9;36,8;33,7;28,3;27,5;26,8;26,6;25,9;24,9;;1;1;1;1;1;1;1;1;1;1;1;1;1;1;1;1;1;1;1;1;1;1;1;1;1;1;1;1;1;1;;
39640000;2;01/08/1989;;1;1;68,2;34,1;42;31;28;1;1;1;30,7999992370605;1;48,1;46,7;45,3;44,3;43,5;49,2;45,9;43,2;41,1;40,3;39,8;39,1;37,8;37,6;42,4;43,2;39,8;38,6;42,4;42,9;41,1;41,1;40,3;40,1;37,6;37,6;35,8;34,1;35,8;47;61,7;1;1;1;1;1;1;1;1;1;1;1;1;1;1;1;1;1;1;1;1;1;1;1;1;1;1;1;1;1;1;1;
39640000;2;01/07/1989;;1;1;205;50,3;88,5;12;31;1;1;1;30,7999992370605;1;60,2;57,8;52;64,4;133;116;138;180;112;72;83,4;189;167;106;77;72,4;72,7;67,9;63,5;63,8;107;112;79;68,5;84,8;71,1;60,5;56;54,3;53,1;50,3;1;1;1;1;1;1;1;1;1;1;1;1;1;1;1;1;1;1;1;1;1;1;1;1;1;1;1;1;1;1;1;
39640000;2;01/06/1989;;1;1;140;21,4;52,8;14;8;1;1;1;30,7999992370605;1;27,9;31,8;27,2;24;22,8;22,6;21,8;21,4;25,5;28,6;27;59,6;99;132;124;59,9;62;111;110;69,8;51,4;55,1;49,4;44,3;39,6;35,6;73,7;55,4;37,8;34,4;;1;1;1;1;1;1;1;1;1;1;1;1;1;1;1;1;1;1;1;1;1;1;1;1;1;1;1;1;1;1;;
39640000;2;01/05/1989;;1;1;94,7;17,2;39,9;13;9;1;1;1;30,7999992370605;1;30,6;30,8;36,8;41,1;40,1;26,8;20,2;18,1;17,2;27;36,6;59,9;94,7;65,7;63,2;44,3;34,6;29;30,6;64,4;59,9;42,4;33,2;26,2;53,4;56,9;39,3;29,5;26,8;29,5;27,9;1;1;1;1;1;1;1;1;1;1;1;1;1;1;1;1;1;1;1;1;1;1;1;1;1;1;1;1;1;1;1;
39640000;2;01/04/1989;;1;1;64,8;9,25;26,2;24;4;1;1;1;30,7999992370605;1;10,5;9,65;9,45;9,25;10,1;29;42,9;30,8;22,6;17,2;21,4;54,6;35,6;21,6;17;15,6;15,8;14,2;12,6;12,2;12,2;11,7;21,8;62,9;47,2;44,3;40,3;37,8;36,6;60,5;;1;1;1;1;1;1;1;1;1;1;1;1;1;1;1;1;1;1;1;1;1;1;1;1;1;1;1;1;1;1;;
39640000;2;01/03/1989;;1;1;22,2;5,75;8,24;30;14;1;1;1;30,7999992370605;1;16,3;11,7;8,67;7,53;6,98;6,98;6,8;6,62;6,44;6,44;6,27;6,1;6,1;5,75;5,75;5,92;5,92;6,1;6,1;6,27;6,1;5,92;6,44;5,92;6,44;7,53;7,34;10,5;17;21;16,5;1;1;1;1;1;1;1;1;1;1;1;1;1;1;1;1;1;1;1;1;1;1;1;1;1;1;1;1;1;1;1;
39640000;2;01/02/1989;;1;1;13,7;6,8;8,35;1;26;1;1;1;30,7999992370605;1;12,6;10,9;10,3;9,85;9,45;9,06;8,67;8,67;8,28;8,28;7,9;8,09;8,09;7,71;7,71;7,71;7,53;7,53;7,71;7,71;7,53;7,71;6,98;6,98;6,98;6,8;7,34;9,65;;;;1;1;1;1;1;1;1;1;1;1;1;1;1;1;1;1;1;1;1;1;1;1;1;1;1;1;1;1;0;0;;
39640000;2;01/01/1989;;1;1;17,2;9,25;11,4;29;24;1;1;1;30,7999992370605;1;11,5;11,1;11,1;10,7;10,7;10,3;10,3;10,1;10,3;10,5;12,8;14,2;12,8;13,9;11,7;10,9;10,3;10,1;9,85;9,85;9,45;9,45;9,45;9,25;9,45;10,9;11,1;15,6;16,5;14,4;14,4;1;1;1;1;1;1;1;1;1;1;1;1;1;1;1;1;1;1;1;1;1;1;1;1;1;1;1;1;1;1;1;
39640000;2;01/12/1988;;1;1;53,1;10,9;15,5;8;24;1;1;1;21,2999992370605;1;11,9;11,9;11,7;11,5;11,5;11,3;11,7;47,2;45,3;22,4;16,5;16,5;12,8;12,8;12,6;12,4;13;13,5;14,2;13,9;13;12,4;11,9;10,9;12,8;13,9;16,3;16,3;14,2;12,4;11,7;1;1;1;1;1;1;1;1;1;1;1;1;1;1;1;1;1;1;1;1;1;1;1;1;1;1;1;1;1;1;1;
39640000;2;01/11/1988;;1;1;18,5;11,7;15;9;30;1;1;1;21,2999992370605;1;16;16;15,8;15,3;15,1;14,9;15,8;17,9;18,1;16,8;16;15,3;15,6;15,1;14,4;14,2;14,6;15,6;15,6;17,2;15,6;14,4;15,1;14,6;13,3;12,8;12,6;12,8;12,2;11,7;;1;1;1;1;1;1;1;1;1;1;1;1;1;1;1;1;1;1;1;1;1;1;1;1;1;1;1;1;1;1;;
39640000;2;01/10/1988;;1;1;22,4;15,8;18,5;3;29;1;1;1;21,2999992370605;1;20,6;21,4;22,2;20,6;20;19,4;20,2;19,8;19,6;19,6;19,2;19,2;19;18,7;18,3;18,1;18,3;17,9;17,9;18,3;18,1;17,5;17,4;17,4;16,8;16,5;16,3;16;15,8;15,8;16,5;1;1;1;1;1;1;1;1;1;1;1;1;1;1;1;1;1;1;1;1;1;1;1;1;1;1;1;1;1;1;1;
39640000;2;01/09/1988;;1;1;32,9;20,8;26;10;30;2;1;1;21,2999992370605;1;29;29,7;29,7;27,9;27;26,4;27,2;29,9;31,3;32,9;32;30,6;29,9;27,5;25,9;25,3;24,9;24,4;23,8;23,6;23;22,6;22,2;22,4;22;22,2;21,8;21,6;21,2;20,8;;1;1;1;1;1;1;1;1;2;2;2;2;2;1;1;1;1;1;1;1;1;1;1;1;1;1;1;1;1;1;;
39640000;2;01/08/1988;;1;1;52,3;29,7;38,6;3;25;1;1;1;21,2999992370605;1;50,6;50,3;51,4;45,3;41,9;39,8;44;48,9;44;38,8;36,8;34,4;39,1;49,4;42,7;41,4;38,8;34,6;33,2;33,9;33,4;32,7;31,1;29,9;29,7;29,9;33,2;36,8;36,1;33,9;32;1;1;1;1;1;1;1;1;1;1;1;1;1;1;1;1;1;1;1;1;1;1;1;1;1;1;1;1;1;1;1;
39640000;2;01/07/1988;;1;1;151;33,4;68,8;17;13;1;1;1;21,2999992370605;1;63,5;43,5;48,3;67,3;42,4;36,1;45,1;40,9;42,4;59,3;57,2;40,9;33,4;108;141;147;150;135;111;81;62,3;58,7;66;56,3;72,4;66,6;52,3;49,4;52;52,3;51,7;1;1;1;1;1;1;1;1;1;1;1;1;1;1;1;1;1;1;1;1;1;1;1;1;1;1;1;1;1;1;1;
39640000;2;01/06/1988;;1;1;120;7,16;21;29;2;1;1;1;21,2999992370605;1;7,53;7,16;7,53;7,16;7,34;7,53;7,9;15,6;17;33,2;18,5;13,5;11,5;10,3;9,45;8,86;8,86;13,9;21,2;14,9;10,7;10,5;17;24,2;13,9;26,6;19;45,6;113;99,4;;1;1;1;1;1;1;1;1;1;1;1;1;1;1;1;1;1;1;1;1;1;1;1;1;1;1;1;1;1;1;;
39640000;2;01/05/1988;;1;1;92,9;7,9;20,5;2;31;1;1;1;21,2999992370605;1;68,2;91,1;65,7;44,3;31,1;21;17,5;15,6;14,2;12,6;11,9;11,5;10,9;10,5;10,1;9,85;9,65;9,45;8,86;8,67;8,86;29,9;29,9;18,1;12,6;10,7;9,65;8,86;8,47;8,28;7,9;1;1;1;1;1;1;1;1;1;1;1;1;1;1;1;1;1;1;1;1;1;1;1;1;1;1;1;1;1;1;1;
39640000;2;01/04/1988;;1;1;62,9;6,1;14,6;30;5;1;1;1;21,2999992370605;1;6,8;8,09;8,28;7,16;6,1;6,62;10,1;11,3;10,5;8,86;7,71;7,9;9,65;13,3;9,45;8,86;9,85;18,5;21;32,9;27,2;15,3;12,6;11,3;20,2;17,5;15,6;14,2;20;59,9;;1;1;1;1;1;1;1;1;1;1;1;1;1;1;1;1;1;1;1;1;1;1;1;1;1;1;1;1;1;1;;
39640000;2;01/03/1988;;1;1;30,4;3,27;7,37;13;9;1;1;1;21,2999992370605;1;4,3;4,3;4;4;3,85;3,7;3,56;3,41;3,27;5,25;4,77;18,5;26,4;11,9;14,2;8,86;7,16;6,8;9,85;8,09;6,62;9,25;8,09;6,8;5,59;5,09;5,42;6,62;6,44;6,1;6,27;1;1;1;1;1;1;1;1;1;1;1;1;1;1;1;1;1;1;1;1;1;1;1;1;1;1;1;1;1;1;1;
39640000;2;01/02/1988;;1;1;6,1;3,27;4,24;26;19;1;1;1;21,2999992370605;1;4,77;3,85;3,85;3,7;3,56;3,85;5,59;4,3;3,7;4,15;4,61;4;4,15;4;3,7;3,56;3,56;3,41;3,27;4,15;4,46;5,25;4,3;4,15;4,61;5,92;5,59;4,61;4,3;;;1;1;1;1;1;1;1;1;1;1;1;1;1;1;1;1;1;1;1;1;1;1;1;1;1;1;1;1;1;0;;
39640000;2;01/01/1988;;1;1;6,98;4,46;5,21;13;5;1;1;1;21,2999992370605;1;5,42;5,09;5,25;4,93;4,46;4,77;5,42;5,09;4,93;4,77;4,93;6,62;6,98;6,98;6,1;6,1;5,92;4,93;5,09;4,61;5,09;5,09;4,93;4,77;5,09;4,93;4,77;4,77;4,61;4,46;4,46;1;1;1;1;1;1;1;1;1;1;1;1;1;1;1;1;1;1;1;1;1;1;1;1;1;1;1;1;1;1;1;
39640000;2;01/12/1987;;1;1;6,98;4,61;5,92;1;30;1;1;1;17,2000007629395;1;6,98;6,98;6,98;6,8;6,98;6,98;6,8;6,44;6,1;5,92;5,75;5,92;5,92;5,92;6,1;6,1;6,1;6,1;6,1;5,92;6,1;5,42;5,09;5,25;5,09;4,77;4,77;5,42;5,25;4,61;4,93;1;1;1;1;1;1;1;1;1;1;1;1;1;1;1;1;1;1;1;1;1;1;1;1;1;1;1;1;1;1;1;
39640000;2;01/11/1987;;1;1;9,45;6,1;7,9;2;30;1;1;1;17,2000007629395;1;9,06;9,45;9,06;9,06;8,86;8,67;8,28;8,28;8,09;8,28;8,09;8,28;8,28;8,09;8,09;8,47;7,53;7,53;7,53;7,9;7,53;7,53;7,53;6,98;6,8;6,8;6,98;6,98;6,98;6,1;;1;1;1;1;1;1;1;1;1;1;1;1;1;1;1;1;1;1;1;1;1;1;1;1;1;1;1;1;1;1;;
39640000;2;01/10/1987;;1;1;16;9,45;11,6;6;30;1;1;1;17,2000007629395;1;13,3;13,5;12,8;12,4;13,5;15,3;14,2;13;12,4;11,7;11,5;11,9;14,2;13,7;12,4;11,7;11,5;11,3;11,1;10,7;10,5;10,3;10,1;9,85;9,65;10,1;9,65;9,65;9,65;9,45;9,45;1;1;1;1;1;1;1;1;1;1;1;1;1;1;1;1;1;1;1;1;1;1;1;1;1;1;1;1;1;1;1;
39640000;2;01/09/1987;;1;1;25,1;12,8;16,1;2;26;1;1;1;17,2000007629395;1;20,6;24,4;22,8;19,8;19;18,5;17,9;17,2;17;16,8;16,3;16;15,8;16,5;16,3;15,6;15,1;14,9;14,9;14,4;14,2;13,9;13,7;13,5;13;12,8;12,8;12,8;12,8;13;;1;1;1;1;1;1;1;1;1;1;1;1;1;1;1;1;1;1;1;1;1;1;1;1;1;1;1;1;1;1;;
39640000;2;01/08/1987;;1;1;65,4;16,3;22,7;27;21;1;1;1;17,2000007629395;1;20,2;19,8;30,6;22,8;19,8;19,4;18,9;18,3;17,7;17,5;17,4;17,2;17,2;17,2;18,1;18,9;18,9;18,7;17,7;16,5;16,3;16,3;17,5;24,9;25,7;42,7;63,2;46,1;27,5;21,6;20,6;1;1;1;1;1;1;1;1;1;1;1;1;1;1;1;1;1;1;1;1;1;1;1;1;1;1;1;1;1;1;1;
39640000;2;01/07/1987;;1;1;89,3;21,4;37,2;12;31;1;1;1;17,2000007629395;1;58,1;38,6;69,5;77;52,3;34,9;28,8;29,7;27,2;40,3;56;87,2;55,4;35,3;27,5;25,1;26,6;25,9;25,3;34,9;43,5;40,1;28,3;24,4;23,4;23,6;23;22;23,4;23;21,4;1;1;1;1;1;1;1;1;1;1;1;1;1;1;1;1;1;1;1;1;1;1;1;1;1;1;1;1;1;1;1;
39640000;2;01/06/1987;;1;1;69,8;11,7;20,6;30;4;1;1;1;17,2000007629395;1;15,3;13,9;12,4;11,7;12,4;13,9;17,9;18,3;18,9;16,8;13,9;15,1;17,9;17;14,6;20,4;24,7;36,3;27,9;20,8;18,1;18,1;21,2;18,9;16;14,9;14,4;19;50,6;66,9;;1;1;1;1;1;1;1;1;1;1;1;1;1;1;1;1;1;1;1;1;1;1;1;1;1;1;1;1;1;1;;
39640000;2;01/05/1987;;1;1;17,2;11,5;13,8;18;27;1;1;1;17,2000007629395;1;16,3;15,6;15,1;14,9;14,4;14,4;14,2;13,9;13,5;13,3;13,5;13,3;13,7;13,3;13,3;13,7;13,7;17;16,5;16,8;13,5;12,8;12,4;12,2;12,4;11,7;11,5;12,2;13;12,6;13,5;1;1;1;1;1;1;1;1;1;1;1;1;1;1;1;1;1;1;1;1;1;1;1;1;1;1;1;1;1;1;1;
39640000;2;01/04/1987;;1;1;95,4;13,7;27,5;11;8;1;1;1;17,2000007629395;1;31,1;25,1;19,2;18,7;18,9;17,2;14,6;13,7;19,6;47,2;91,1;70,1;36,1;23,6;24,9;23,2;40,3;27;25,1;23,4;21,8;21,8;25,3;22,6;19,2;20;29;21,4;18,1;17;;1;1;1;1;1;1;1;1;1;1;1;1;1;1;1;1;1;1;1;1;1;1;1;1;1;1;1;1;1;1;;
39640000;2;01/03/1987;;1;1;80,3;9,25;17,4;22;14;1;1;1;17,2000007629395;1;10,1;11,1;10,5;10,5;10,9;10,3;9,85;10,1;10,3;9,45;9,45;9,65;9,65;9,25;10,7;13,9;17,9;16,3;13;18,7;30,8;80;42,2;28,8;18,3;15,1;13,5;12,8;12,2;16,8;36,1;1;1;1;1;1;1;1;1;1;1;1;1;1;1;1;1;1;1;1;1;1;1;1;1;1;1;1;1;1;1;1;
39640000;2;01/02/1987;;1;1;18,1;10,1;12,6;18;28;1;1;1;17,2000007629395;1;17,2;14,6;12,2;11,5;11,3;11,5;11,5;11,1;11,5;11,5;11,3;10,9;12,6;15,1;13,5;13,3;12,8;17,7;13;11,5;11,5;12,6;13,3;14,6;13;11,5;10,7;10,1;;;;1;1;1;1;1;1;1;1;1;1;1;1;1;1;1;1;1;1;1;1;1;1;1;1;1;1;1;1;0;0;;
39640000;2;01/01/1987;;1;1;33,3;11,1;13,5;9;29;1;1;1;17,2000007629395;1;9,66;8,88;8,88;8,88;8,43;8,43;9,82;12,8;28,4;32,2;20,2;17,2;15,3;14,4;13,9;13,5;13,3;13;13,3;12,6;12,6;12,2;11,9;11,9;11,7;11,7;11,3;11,3;11,1;12,4;16;1;1;1;1;1;1;1;1;1;1;1;1;1;1;1;1;1;1;1;1;1;1;1;1;1;1;1;1;1;1;1;
39640000;2;01/12/1986;;1;1;21,3;8,88;11,9;2;23;1;1;1;20,8999996185303;1;15,8;20,8;17,9;17,1;15,2;13;11,8;11;10,8;10,3;9,97;9,66;9,5;9,34;9,66;9,66;9,66;9,5;9,5;9,19;9,66;9,03;8,88;9,97;11;16,9;15,6;16;12,3;11;10,1;1;1;1;1;1;1;1;1;1;1;1;1;1;1;1;1;1;1;1;1;1;1;1;1;1;1;1;1;1;1;1;
39640000;2;01/11/1986;;1;1;55;10,3;14,5;22;18;1;1;1;20,8999996185303;1;11,8;11,5;11,6;11,5;11,5;11,6;11,5;11,6;12,7;11,6;11;10,8;11,3;11,1;11;10,8;10,5;10,3;10,5;12;22,1;54,1;36,5;17,1;13;13,4;15,8;13,7;11,8;11,6;;1;1;1;1;1;1;1;1;1;1;1;1;1;1;1;1;1;1;1;1;1;1;1;1;1;1;1;1;1;1;;
39640000;2;01/10/1986;;1;1;24,6;12,1;15,9;7;27;1;1;1;20,8999996185303;1;23;18,1;16,6;17,1;18,1;23,7;23,9;17,5;16;18,3;23;18,1;16,7;16,2;15,2;13,9;13,9;14,3;13,9;13,5;13,5;13,4;14,1;13,4;12,8;12,7;12,1;12,3;12,8;13,7;12,5;1;1;1;1;1;1;1;1;1;1;1;1;1;1;1;1;1;1;1;1;1;1;1;1;1;1;1;1;1;1;1;
39640000;2;01/09/1986;;1;1;37;15,8;21,6;3;28;1;1;1;20,8999996185303;1;23;24,6;35,7;29,6;25,3;22,4;21,3;21,1;21,1;21,1;21,5;27,6;29,1;26,7;21,7;22,6;21,5;21,1;20;19,4;19;18,3;17,5;16,4;17,1;16,2;16,2;15,8;16;19,2;;1;1;1;1;1;1;1;1;1;1;1;1;1;1;1;1;1;1;1;1;1;1;1;1;1;1;1;1;1;1;;
39640000;2;01/08/1986;;1;1;132;22,1;38,3;8;3;1;1;1;20,8999996185303;1;23,9;22,8;22,1;22,1;22,1;25,7;76,1;129;76,8;45,1;34,9;37;41,1;54,7;90,1;61,8;41,1;32,8;29,8;29,3;30,1;27,9;25,3;24,4;23,5;22,8;22,4;22,6;24,4;23,2;22,6;1;1;1;1;1;1;1;1;1;1;1;1;1;1;1;1;1;1;1;1;1;1;1;1;1;1;1;1;1;1;1;
39640000;2;01/07/1986;;1;1;147;18,5;45,7;21;1;1;1;1;20,8999996185303;1;18,5;50,7;95,5;68,1;34,6;28,6;27,6;24,4;21,9;20,2;22,1;38,4;43,4;39,7;30,8;72,6;94,7;54,7;33,9;66,8;146;97,9;49,5;37,5;35,7;31,1;30,3;27,6;26;24,8;24,6;1;1;1;1;1;1;1;1;1;1;1;1;1;1;1;1;1;1;1;1;1;1;1;1;1;1;1;1;1;1;1;
39640000;2;01/06/1986;;1;1;142;13,2;34,3;13;4;1;1;1;20,8999996185303;1;13,9;17,5;14,8;13,2;30,8;35,7;21,1;16;13,9;17,5;19,6;34,1;111;110;39,5;25,7;20,8;66,8;98,6;50,4;33,3;30,1;27,2;27,2;27,9;26,4;23,9;22,4;19,8;19;;1;1;1;1;1;1;1;1;1;1;1;1;1;1;1;1;1;1;1;1;1;1;1;1;1;1;1;1;1;1;;
39640000;2;01/05/1986;;1;1;123;7,98;19;27;20;1;1;1;20,8999996185303;1;10,5;12,5;13,4;13;12,1;13,2;17,9;17,9;14,3;10,8;10,3;11,6;11;10,5;9,97;9,19;8,58;8,58;8,28;7,98;9,66;11,5;13;13,2;11,3;83;114;48,6;23,5;16,7;14,5;1;1;1;1;1;1;1;1;1;1;1;1;1;1;1;1;1;1;1;1;1;1;1;1;1;1;1;1;1;1;1;
39640000;2;01/04/1986;;1;1;116;6,44;25,1;10;6;1;1;1;20,8999996185303;1;9,34;8,73;8,58;7,84;6,85;6,44;6,57;35,2;88,6;106;47,7;24,1;17,1;41,7;42,2;38,1;21,1;15,6;13,4;18,8;42;38,4;18,3;14,6;13;12,3;12;11,1;13,5;13,5;;1;1;1;1;1;1;1;1;1;1;1;1;1;1;1;1;1;1;1;1;1;1;1;1;1;1;1;1;1;1;;
39640000;2;01/03/1986;;1;1;62,1;4,2;11,1;25;2;1;1;1;20,8999996185303;1;4,32;4,2;4,2;5,65;5,91;6,04;5,65;6,17;6,99;6,3;6,3;7,12;18,1;15,4;12,3;10,5;7,98;7,41;6,57;6,3;6,44;7,84;10,3;26;61,8;24,1;11,8;8,58;7,98;13,4;11,6;1;1;1;1;1;1;1;1;1;1;1;1;1;1;1;1;1;1;1;1;1;1;1;1;1;1;1;1;1;1;2;
39640000;2;01/02/1986;;1;1;11,1;4,32;6,24;9;28;1;1;1;20,8999996185303;1;6,04;6,04;6,71;6,99;7,41;8,13;9,97;10,3;11;9,03;6,71;6,44;5,65;5,4;5,15;5,15;5,15;5,27;5,03;5,03;5,03;5,03;5,03;5,03;4,79;4,43;4,43;4,32;;;;1;1;1;1;1;1;1;1;1;1;1;1;1;1;1;1;1;1;1;1;1;1;1;1;1;1;1;1;0;0;;
39640000;2;01/01/1986;;1;1;9,34;5,91;7,22;1;25;1;1;1;20,8999996185303;1;9,34;9,34;9,34;9,19;9,03;8,58;7,98;7,41;7,12;7,12;6,99;6,85;6,85;6,85;6,99;6,71;6,44;6,44;6,3;6,17;6,3;6,17;6,17;6,04;5,91;5,91;6,71;8,13;7,55;7,12;6,85;1;1;1;1;1;1;1;1;1;1;1;1;1;1;1;1;1;1;1;1;1;1;1;1;1;1;1;1;1;1;1;
39640000;2;01/12/1985;;1;1;9,5;6,99;7,6;14;30;1;1;1;19,5;1;7,55;7,41;7,41;7,41;7,27;7,41;7,69;7,69;7,69;7,84;7,84;7,41;7,84;9,34;8,88;8,28;7,84;7,84;7,84;7,55;7,55;7,41;7,41;7,41;7,27;7,27;7,12;7,12;7,12;6,99;6,99;1;1;1;1;1;1;1;1;1;1;1;1;1;1;1;1;1;1;1;1;1;1;1;1;1;1;1;1;1;1;1;
39640000;2;01/11/1985;;1;1;11;7,69;9,31;1;30;1;1;1;19,5;1;11;10,8;10,8;10,6;10,1;9,97;9,82;9,82;9,66;9,34;9,34;9,34;9,5;10,1;9,5;9,5;9,66;9,34;8,88;8,73;8,88;9,03;8,73;8,58;8,43;8,28;8,13;7,84;7,84;7,69;;1;1;1;1;1;1;1;1;1;1;1;1;1;1;1;1;1;1;1;1;1;1;1;1;1;1;1;1;1;1;;
39640000;2;01/10/1985;;1;1;16,2;10,8;13,2;1;30;1;1;1;19,5;1;16;14,8;15,6;15,2;14,8;14,8;15;14,6;14,5;14,3;13,9;13,5;13,5;13,4;12,8;12,7;13;12,8;12,7;13;13,2;12,5;11,8;11,6;11,5;11,3;11,3;11,5;11;10,8;10,8;1;1;1;1;1;1;1;1;1;1;1;1;1;1;1;1;1;1;1;1;1;1;1;1;1;1;1;1;1;1;1;
39640000;2;01/09/1985;;1;1;26,4;16,6;21,9;20;30;1;1;1;19,5;1;25,5;24,1;23;23;23,5;22,6;21,9;22,1;21,5;21,9;24,4;22,4;20,6;24,6;22,8;22,6;21,9;22,6;24,8;26,2;25,5;22,6;19,4;19,4;19;18,8;18,3;17,5;17,1;16,6;;1;1;1;1;1;1;1;1;1;1;1;1;1;1;1;1;1;1;1;1;1;1;1;1;1;1;1;1;1;1;;
39640000;2;01/08/1985;;1;1;110;27,6;48,7;4;29;1;1;1;19,5;1;37;38,1;91,3;108;71,2;72,3;87,5;95,9;83;68,1;51,9;42,8;38,9;35,2;33,6;38,4;44,2;36,7;33,6;46,6;43,4;33,9;31,3;29,1;31,3;33,9;30,1;27,9;27,6;37;29,6;1;1;1;1;1;1;1;1;1;1;1;1;1;1;1;1;1;1;1;1;1;1;1;1;1;1;1;1;1;1;1;
39640000;2;01/07/1985;;1;1;132;13,2;46,1;14;1;1;1;1;19,5;1;13,2;17,9;18,3;17,9;16;26;101;48;25,1;20,6;20,6;23;122;128;93,2;87,5;53,5;36,5;37,8;34,6;32,8;31,6;87,1;68,8;55,7;39,2;31,6;29,6;35,7;41,1;35,2;1;1;1;1;1;1;1;1;1;1;1;1;1;1;1;1;1;1;1;1;1;1;1;1;1;1;1;1;1;1;1;
39640000;2;01/06/1985;;1;1;47,7;8,43;19,1;22;11;1;1;1;19,5;1;11,3;11;10,8;11,6;11;11,1;13,5;10,1;9,66;8,58;8,43;9,03;16,2;21,7;19,2;40,6;27,2;39,5;34,9;31,1;24,4;46,3;31,8;22,1;18,1;16,6;15,2;14,5;13,9;13,4;;1;1;1;1;1;1;1;1;1;1;1;1;1;1;1;1;1;1;1;1;1;1;1;1;1;1;1;1;1;1;;
39640000;2;01/05/1985;;1;1;28,8;9,34;13,6;14;29;1;1;1;19,5;1;23,9;16,2;13,9;13,9;13,7;14,1;12;13;14,3;14,8;13;13;13,9;28,6;21,3;14,1;12,8;12,7;12,7;12,1;12,1;11,8;12,7;11,5;10,6;10,5;10,1;9,5;9,34;9,5;10,1;1;1;1;1;1;1;1;1;1;1;1;1;1;1;1;1;1;1;1;1;1;1;1;1;1;1;1;1;1;1;1;
39640000;2;01/04/1985;;1;1;68,5;9,5;26,4;27;1;1;1;1;19,5;1;9,5;18,1;14,6;12,5;16,6;23,5;16,6;27,4;28,6;25,3;19;41,7;39,2;23,5;24,4;46,6;25,3;15,8;12,8;11,5;10,8;10,1;11,1;24,1;34,4;34,4;67,8;60,5;37,8;49,2;;1;1;1;1;1;1;1;1;1;1;1;1;1;1;1;1;1;1;1;1;1;1;1;1;1;1;1;1;1;1;;
39640000;2;01/03/1985;;1;1;32,3;5,78;10,1;25;21;1;1;1;19,5;1;7,84;7,27;7,84;12;21,3;15,4;15;12;10,1;9,97;9,66;7,69;6,85;6,71;6,71;6,71;6,44;6,3;6,17;5,91;5,78;6,44;8,58;16,7;30,3;14,3;9,82;7,98;7,84;9,03;8,58;1;1;1;1;1;1;1;1;1;1;1;1;1;1;1;1;1;1;1;1;1;1;1;1;1;1;1;1;1;1;1;
39640000;2;01/02/1985;;1;1;50,4;4,55;12,1;20;9;1;1;1;19,5;1;5,15;5,03;5,15;4,91;4,79;4,79;4,91;4,79;4,55;4,55;5,15;5,91;6,17;6,44;6,85;9,19;12,5;13;26,9;49,8;38,6;40,6;25,1;11;9,34;8,13;7,84;7,69;;;;1;1;1;1;1;1;1;1;1;1;1;1;1;1;1;1;1;1;1;1;1;1;1;1;1;1;1;1;0;0;;
39640000;2;01/01/1985;;1;1;9,97;5,03;6,47;8;30;1;1;1;19,5;1;7,12;6,85;6,44;6,44;6,44;6,57;8,43;9,82;8,88;7,69;7,41;7,12;6,85;6,57;6,44;6,3;6,44;6,17;6,04;6,04;5,78;5,78;5,78;5,78;5,52;5,52;5,4;5,52;5,4;5,03;5,03;1;1;1;1;1;1;1;1;1;1;1;1;1;1;1;1;1;1;1;1;1;1;1;1;1;1;1;1;1;1;1;
39640000;2;01/12/1984;;1;1;9,66;6,99;8,19;1;31;1;1;1;20,2000007629395;1;9,66;9,5;9,34;9,19;9,19;9,19;9,03;9,19;9,03;8,73;8,73;8,28;8,13;7,98;7,98;7,84;7,84;7,69;7,69;7,69;7,55;7,69;7,41;7,69;7,41;7,41;7,69;7,41;7,55;7,27;6,99;1;1;1;1;1;1;1;1;1;1;1;1;1;1;1;1;1;1;1;1;1;1;1;1;1;1;1;1;1;1;1;
39640000;2;01/11/1984;;1;1;37,3;9,82;13,4;5;30;1;1;1;20,2000007629395;1;16,2;14,6;14,3;14,5;36,2;19;15,2;14,6;15;13,9;13,4;13;12,7;12,3;12,1;12,8;12,3;11,8;11,5;11,1;11;10,8;10,8;10,6;10,6;10,8;10,3;10,1;9,97;9,82;;1;1;1;1;1;1;1;1;1;1;1;1;1;1;1;1;1;1;1;1;1;1;1;1;1;1;1;1;1;1;;
39640000;2;01/10/1984;;1;1;27,2;13,7;18,3;9;30;1;1;1;20,2000007629395;1;20,4;20,4;20,4;20,2;20,4;20;20,2;20,8;25,3;23,9;21,7;19,6;19,4;21,3;19,4;17,7;17,3;17,9;17,5;16,9;16,6;16,4;16,2;15,8;15,2;14,8;14,8;14,5;13,9;13,7;13,7;1;1;1;1;1;1;1;1;1;1;1;1;1;1;1;1;1;1;1;1;1;1;1;1;1;1;1;1;1;1;1;
39640000;2;01/09/1984;;1;1;120;20,8;39,1;1;30;1;1;1;20,2000007629395;1;104;68,5;65,8;76,5;66,8;54,4;58,8;56,3;48,3;37,8;35,2;32,8;31,6;29,6;28,8;28,1;26,9;26,7;26;25,1;24,8;24,4;25,3;28,4;28,8;25,1;23,2;22,4;21,9;20,8;;1;1;1;1;1;1;1;1;1;1;1;1;1;1;1;1;1;1;1;1;1;1;1;1;1;1;1;1;1;1;;
39640000;2;01/08/1984;;1;1;149;16,9;39,3;31;19;1;1;1;20,2000007629395;1;24,8;23,7;22,8;21,9;21,5;21,1;22,8;23,9;28,6;31,3;24,1;22,6;20,6;19,6;18,5;18,1;18,1;17,1;16,9;20,4;62,4;94,7;88,6;64,7;44,5;62,4;48,3;33,6;38,4;93,6;148;1;1;1;1;1;1;1;1;1;1;1;1;1;1;1;1;1;1;1;1;1;1;1;1;1;1;1;1;1;1;1;
39640000;2;01/07/1984;;1;1;143;14,3;52,9;18;1;1;1;1;20,2000007629395;1;14,3;54,4;123;92,8;50,4;51,9;40;34,1;26,7;23,7;22,1;20;18,8;30,6;49,8;89,7;101;143;111;110;70,2;64,1;51;39,7;34,1;32,1;31,3;30,1;27,9;26,4;25,7;1;1;1;1;1;1;1;1;1;1;1;1;1;1;1;1;1;1;1;1;1;1;1;1;1;1;1;1;1;1;1;
39640000;2;01/06/1984;;1;1;92,8;11,8;21,9;2;29;1;1;1;20,2000007629395;1;47,4;71,2;47,1;46,8;33,3;33,3;22,6;20,2;17,3;15,6;14,6;14,5;15,8;14,6;13,9;25,7;27,2;18,1;15,2;14,5;14,1;14,5;13,4;12,5;12;13,2;12,8;12,1;11,8;12;;1;1;1;1;1;1;1;1;1;1;1;1;1;1;1;1;1;1;1;1;1;1;1;1;1;1;1;1;1;1;;
39640000;2;01/05/1984;;1;1;129;6,04;28,2;20;17;2;1;1;20,2000007629395;1;10,3;7,84;7,84;9,97;17,7;14,6;12,8;11,1;10,6;9,03;7,41;6,99;9,03;8,58;7,55;6,85;6,04;10,5;101;129;88,2;60,5;62,1;54,1;51,9;46,3;29,1;22,1;18,3;19,2;17,7;1;1;1;1;1;1;1;1;1;1;1;1;1;1;1;1;1;1;1;2;1;1;1;1;1;1;1;1;1;1;1;
39640000;2;01/04/1984;;1;1;77,6;2,09;13,6;20;1;1;1;1;20,2000007629395;1;2,09;2,36;3,13;15,8;26,2;24,4;7,41;5,15;4,67;4,55;4,32;5,15;6,44;6,57;6,17;6,3;13,9;23,7;46,8;74,7;28,4;16;12;11,1;9,97;7,98;7,12;6,99;7,84;12;;1;1;1;1;1;1;1;1;1;1;1;1;1;1;1;1;1;1;1;1;1;1;1;1;1;1;1;1;1;1;;
39640000;2;01/03/1984;;1;1;6,04;1,45;2,63;25;14;1;1;1;20,2000007629395;1;2,09;2,18;2,09;1,92;1,84;2,18;2,36;2,64;2,45;2,09;1,92;1,84;1,6;1,45;1,68;1,45;4,55;4,43;3,65;2,93;2,54;2,36;3,33;3,98;5,4;3,87;2,83;2,54;2,54;2,54;2,18;1;1;1;1;1;1;1;1;1;1;1;1;1;1;1;1;1;1;1;1;1;1;1;1;1;1;1;1;1;1;1;
39640000;2;01/02/1984;;1;1;3,13;1,38;1,75;1;24;1;1;1;20,2000007629395;1;2,93;2,54;2,36;2,09;2,09;2,09;2,09;1,84;1,68;1,76;1,76;1,6;1,76;1,6;1,68;1,6;1,6;1,45;1,53;1,53;1,53;1,45;1,45;1,38;1,38;1,45;1,6;1,38;1,68;;;1;1;1;1;1;1;1;1;1;1;1;1;1;1;1;1;1;1;1;1;1;1;1;1;1;1;1;1;1;0;;
39640000;2;01/01/1984;;1;1;4,79;1,84;2,61;14;26;1;1;1;20,2000007629395;1;2,93;2,73;2,45;2,45;2,45;2,27;2,18;2,36;2,36;2,18;2,27;2,27;3,98;4,79;4,2;3,44;2,73;2,54;2,36;2,36;2,27;2,18;2,09;2,01;2,01;1,84;2,01;2,36;2,45;3,13;3,33;1;1;1;1;1;1;1;1;1;1;1;1;1;1;1;1;1;1;1;1;1;1;1;1;1;1;1;1;1;1;1;
39640000;2;01/12/1983;;1;1;3,44;2,45;2,97;1;25;2;1;1;10,1000003814697;1;3,44;3,44;3,44;3,33;3,33;3,33;3,23;3,23;3,23;3,23;3,13;3,13;3,13;3,03;3,03;3,03;3,03;2,93;2,93;2,93;2,83;2,73;2,64;2,54;2,45;2,45;2,45;2,45;2,45;2,73;2,93;2;2;2;2;2;2;2;2;2;2;2;2;2;2;2;2;2;2;2;1;1;1;1;1;1;1;1;1;1;1;1;
39640000;2;01/11/1983;;1;1;6,44;3,54;4,31;1;28;1;2;1;10,1000003814697;1;6,44;5,65;5,27;5,27;5,15;4,79;4,79;4,67;4,55;4,43;4,43;4,32;4,2;4,2;4,09;4,09;4,09;3,98;3,98;3,87;3,87;3,87;3,76;3,76;3,76;3,65;3,65;3,54;3,54;3,54;;1;1;1;1;1;1;1;2;2;2;2;2;1;1;2;2;2;2;2;2;2;2;2;2;2;2;2;2;2;2;;
39640000;2;01/10/1983;;1;1;11,6;4,79;6,5;2;20;1;1;1;10,1000003814697;1;10,5;11,6;11,5;9,97;8,88;7,27;6,44;6,17;6,04;5,65;5,4;5,4;5,4;5,27;5,78;5,91;5,4;5,03;4,91;4,79;4,79;5,03;5,4;5,27;5,03;5,15;6,44;7,41;6,85;6,17;6,57;1;1;1;1;1;1;1;1;1;1;1;1;1;1;1;1;1;1;1;1;1;1;1;1;1;1;1;1;1;1;1;
39640000;2;01/09/1983;;1;1;8,88;5,52;6,8;1;28;1;1;1;10,1000003814697;1;8,88;8,43;8,28;7,98;7,69;7,55;7,41;7,41;7,12;6,99;7,12;7,27;6,57;6,71;6,57;6,85;6,71;6,44;6,3;6,04;6,17;6,04;5,91;5,78;5,78;5,78;5,65;5,52;6,17;6,99;;1;1;1;1;1;1;1;1;1;1;1;1;1;1;1;1;1;1;1;1;1;1;1;1;1;1;1;1;1;1;;
39640000;2;01/08/1983;;1;1;118;9,03;22,9;2;28;1;1;1;10,1000003814697;1;94,3;116;80,1;35,9;14,8;12,7;13,4;28,1;53,5;26,2;15,2;14,6;13,5;13,9;14,1;12,8;12;11,1;10,8;11;11;10,1;9,82;9,66;9,82;9,66;9,19;9,03;9,03;9,34;9,97;1;1;1;1;1;1;1;1;1;1;1;1;1;1;1;1;1;1;1;1;1;1;1;1;1;1;1;1;1;1;1;
39640000;2;01/07/1983;;1;1;27,2;6,85;11,8;10;4;1;1;1;10,1000003814697;1;7,55;7,27;7,12;6,85;7,12;9,19;9,5;12,8;17,1;27,2;20,8;26,9;23,5;15;12;10,8;10,5;9,66;9,03;11;12,3;9,97;9,19;9,66;9,19;8,58;7,98;7,98;7,55;7,98;15,4;1;1;1;1;1;1;1;1;1;1;1;1;1;1;1;1;1;1;1;1;1;1;1;1;1;1;1;1;1;1;1;
39640000;2;01/06/1983;;1;1;29,8;7,69;13,1;3;30;1;1;1;10,1000003814697;1;21,7;12,8;27,4;26,7;15,2;13,5;19,4;17,7;13,2;10,8;9,5;9,19;11,5;11,1;14,6;12,3;10,5;9,34;10,3;8,58;8,28;8,58;11,1;22,4;14,6;10,8;9,03;8,43;7,84;7,69;;1;1;1;1;1;1;1;1;1;1;1;1;1;1;1;1;1;1;1;1;1;1;1;1;1;1;1;1;1;1;;
39640000;2;01/05/1983;;1;1;33,1;5,15;10,6;31;9;1;1;1;10,1000003814697;1;5,4;5,78;7,12;6,71;6,04;5,78;5,65;5,4;5,15;6,44;17,7;18,5;18,1;26,2;15,6;13,4;11,8;9,03;7,69;7,12;6,57;6,3;6,04;6,17;7,55;7,27;7,12;12,5;9,19;22,4;33,1;1;1;1;1;1;1;1;1;1;1;1;1;1;1;1;1;1;1;1;1;1;1;1;1;1;1;1;1;1;1;1;
39640000;2;01/04/1983;;1;1;9,66;5,4;7,19;9;30;1;1;1;10,1000003814697;1;9,34;8,73;8,28;7,84;7,55;7,41;8,73;9,19;9,5;8,28;7,84;7,55;7,41;7,27;6,71;7,12;8,28;7,69;6,71;6,57;6,17;6,04;5,91;5,78;5,78;5,91;5,65;5,52;5,52;5,4;;1;1;1;1;1;1;1;1;1;1;1;1;1;1;1;1;1;1;1;1;1;1;1;1;1;1;1;1;1;1;;
39640000;2;01/03/1983;;1;1;39,7;6,26;17,4;24;4;1;1;1;10,1000003814697;1;6,92;6,65;6,39;6,26;6,39;6,78;7,88;13,3;23,1;35;26,9;25,3;17,7;12,9;11,1;9,05;9,05;19,1;26,2;29,8;22,7;18,7;32;36,3;35,2;23,5;17,7;12,8;13,9;11,8;9,03;1;1;1;1;1;1;1;1;1;1;1;1;1;1;1;1;1;1;1;1;1;1;1;1;1;1;1;1;1;1;1;
39640000;2;01/02/1983;;1;1;26,7;6,65;10,2;21;3;1;1;1;10,1000003814697;1;7,46;7,19;6,65;7,33;7,6;9,96;11,7;9,05;10,4;8,9;7,6;7,05;7,33;7,05;6,92;7,33;10,9;9,35;10,8;19,7;26,5;20,3;15,4;12,4;8,9;8,03;7,6;7,05;;;;1;1;1;1;1;1;1;1;1;1;1;1;1;1;1;1;1;1;1;1;1;1;1;1;1;1;1;1;0;0;;
39640000;2;01/01/1983;;1;1;8,75;5,63;6,85;29;23;1;1;1;10,1000003814697;1;8,17;7,74;7,46;7,33;7,19;7,05;6,78;6,78;6,52;6,78;6,26;6,39;6,26;6,26;6,13;7,46;6,26;6,52;6,65;6,52;6,26;6,13;5,63;6;6,13;6,52;6,78;7,6;8,6;8,31;8,03;1;1;1;1;1;1;1;1;1;1;1;1;1;1;1;1;1;1;1;1;1;1;1;1;1;1;1;1;1;1;1;
39640000;2;01/12/1982;;1;1;10,4;7,74;8,7;18;26;1;1;1;24,7999992370605;2;8,9;8,75;8,75;8,75;8,75;8,75;8,75;8,75;8,6;8,46;8,46;8,9;8,9;8,31;8,31;8,17;8,31;10,4;10,4;9,2;8,31;8,17;7,88;7,88;7,88;7,74;7,74;8,9;10,1;9,66;8,75;1;1;1;1;1;1;1;1;1;1;1;1;1;1;1;1;1;1;1;1;1;1;1;1;1;1;1;1;1;1;1;
39640000;2;01/11/1982;;1;1;16;8,9;10,7;2;30;1;1;1;24,7999992370605;2;15,1;15,8;14,7;14;13,4;12,7;12,4;11,9;11,2;10,8;10,6;10,4;10,3;9,81;9,66;9,5;9,35;9,35;9,05;9,05;9,2;9,35;9,35;9,35;9,2;9,2;9,2;9,2;9,35;8,9;;1;1;1;1;1;1;1;1;1;1;1;1;1;1;1;1;1;1;1;1;1;1;1;1;1;1;1;1;1;1;;
39640000;2;01/10/1982;;1;1;24;10,6;15,7;1;26;1;1;1;24,7999992370605;2;23,8;23,1;22,7;21,8;21,6;20,7;19,7;18,7;17,9;17,3;17,1;16,4;16;15,4;14,9;14,7;14,1;13,3;12,7;12,4;12,1;11,7;11,6;11,2;10,9;10,6;10,9;12,2;13,4;14,1;14,3;1;1;1;1;1;1;1;1;1;1;1;1;1;1;1;1;1;1;1;1;1;1;1;1;1;1;1;1;1;1;1;
39640000;2;01/09/1982;;1;1;31,2;11,7;20,1;25;6;1;1;1;24,7999992370605;2;15,2;14,5;14,1;13,4;12,7;11,7;12,1;13,3;12,4;12,9;14,1;14,7;15,4;16,6;17,3;18,5;19,7;22,2;24;25,8;26,9;27,8;28,6;29,8;31;30,2;28,8;27,6;26,5;25,1;;1;1;1;1;1;1;1;1;1;1;1;1;1;1;1;1;1;1;1;1;1;1;1;1;1;1;1;1;1;1;;
39640000;2;01/08/1982;;1;1;83,1;15,6;38,3;1;31;1;1;1;24,7999992370605;2;82,4;77,7;73,5;67,7;64;60,8;57,9;37,9;31,2;29,3;31,7;35,2;44,2;67,4;51,5;41,9;39,2;33;29,5;24,4;23,5;22,7;21,2;19,9;18,7;18,1;17,1;16,4;16,2;16;15,6;1;1;1;1;1;1;1;1;1;1;1;1;1;1;1;1;1;1;1;1;1;1;1;1;1;1;1;1;1;1;1;
39640000;2;01/07/1982;;1;1;;;30;;;0;0;2;24,7999992370605;2;;;;;;;;;;;;;;;;;;;;;;;;;;;;;;;;0;0;0;0;0;0;0;0;0;0;0;0;0;0;0;0;0;0;0;0;0;0;0;0;0;0;0;0;0;0;0;
39640000;2;01/06/1982;;1;1;69,7;23,5;41,6;3;19;1;1;1;24,7999992370605;2;61,4;66,4;68,4;65;65;56,7;51,2;43,6;38,9;34,7;32,2;29,5;26,5;26;27,1;26;25,5;24,6;23,5;28,8;38,4;38,7;41,1;64;56,1;53;47;36,5;27,1;25,1;;1;1;1;1;1;1;1;1;1;1;1;1;1;1;1;1;1;1;1;1;1;1;1;1;1;1;1;1;1;1;;
39640000;2;01/05/1982;;1;1;154;27,6;92,9;11;28;1;2;1;24,7999992370605;2;69,4;84,9;102;121;128;133;137;141;145;149;152;142;129;121;113;103;97,8;92;86,4;77;74,2;69;63,7;58,9;53,6;45,9;28,1;27,6;28,8;51,5;56,4;1;1;1;1;1;1;1;1;1;1;1;1;1;1;1;1;1;1;1;1;1;1;1;1;1;1;1;2;2;1;1;
39640000;2;01/04/1982;;1;1;63,1;5,63;22;30;8;1;1;1;24,7999992370605;2;19,3;16,6;12,7;8,17;7,46;6,26;5,88;5,63;5,63;6,39;6,92;7,46;8,17;9,2;9,81;11,6;13,4;15,1;17,3;22;26;29,3;35,5;40,3;42,8;45,3;47,9;56,1;57,9;62,7;;1;1;1;1;1;1;1;1;1;1;1;1;1;1;1;1;1;1;1;1;1;1;1;1;1;1;1;1;1;1;;
39640000;2;01/03/1982;;1;1;31;3,48;7,66;29;28;1;1;1;24,7999992370605;2;9,35;9,81;9,5;7,74;5,75;5,02;4,79;4,56;4,45;4,33;4,22;4,22;4,11;9,66;8,9;4,79;4,56;4,45;4,22;4,11;4,01;3,9;3,79;3,79;3,9;3,69;3,69;3,48;30,5;30;28,1;1;1;1;1;1;1;2;2;2;2;2;2;2;1;1;2;2;2;2;2;1;2;2;1;1;1;1;1;1;1;1;
39640000;2;01/02/1982;;1;1;;;4,5;;;0;0;2;24,7999992370605;2;;;;;;;;;;;;;;;;;;;;;;;;;;;;;;;;0;0;0;0;0;0;0;0;0;0;0;0;0;0;0;0;0;0;0;0;0;0;0;0;0;0;0;0;0;0;;
39640000;2;01/01/1982;;1;1;7,6;;5;28;;1;0;2;24,7999992370605;2;5,26;5,63;6,13;5,63;5,02;5,02;5,02;;;;;;;;;;;;;;;;;;6;6,26;6,39;7,46;6,65;5,02;5,02;1;1;1;1;1;1;1;0;0;0;0;0;0;0;0;0;0;0;0;0;0;0;0;0;1;1;1;1;1;1;1;
39640000;2;01/12/1981;;1;1;5,02;;4,5;4;;1;0;2;7,51000022888184;2;4,33;4,56;4,79;5,02;5,02;;;;;;;;;;;;;;;;;;;;;;;;;;;1;1;1;1;1;0;0;0;0;0;0;0;0;0;0;0;0;0;0;0;0;0;0;0;0;0;0;0;0;0;0;
39640000;2;01/11/1981;;1;1;5,5;4,33;4,79;6;28;1;1;1;7,51000022888184;2;4,45;4,45;4,45;4,45;4,56;5,5;5,5;5,38;5,38;5,26;5,26;5,14;5,14;5,02;5,02;4,91;4,91;4,79;4,79;4,67;4,67;4,67;4,56;4,56;4,45;4,45;4,45;4,33;4,33;4,33;;2;2;2;2;2;1;1;1;1;1;1;1;1;1;1;2;2;2;2;2;2;2;2;2;1;1;1;1;1;1;;
39640000;2;01/10/1981;;1;1;5,02;;4,75;1;;1;0;2;7,51000022888184;2;5,02;5,02;5,02;5,02;5,02;5,02;5,02;5,02;5,02;5,02;5,02;5,02;5,02;;;;;;;;;;;;;;;;;;;1;1;1;1;1;1;1;1;1;1;1;1;1;4;4;4;4;4;4;4;4;4;4;4;4;4;4;4;4;4;4;
39640000;2;01/09/1981;;1;1;5,26;5,02;5,16;1;16;1;1;1;7,51000022888184;2;5,26;5,26;5,26;5,26;5,26;5,26;5,26;5,26;5,26;5,14;5,14;5,14;5,14;5,14;5,14;5,02;5,02;5,02;5,02;5,02;5,02;5,02;5,02;5,02;5,26;5,26;5,26;5,26;5,14;5,14;;1;1;1;1;1;1;1;1;1;1;1;1;1;1;1;1;1;1;1;1;1;1;1;1;1;1;1;1;1;1;;
39640000;2;01/08/1981;;1;1;8,31;5,26;6,04;1;23;1;1;1;7,51000022888184;2;8,31;8,17;8,17;8,03;7,6;7,46;6,78;6,65;6,65;6,26;5,75;5,75;5,5;5,5;5,5;5,5;5,5;5,38;5,38;5,38;5,38;5,38;5,26;5,26;5,26;5,26;5,26;5,26;5,26;5,26;5,26;1;1;1;1;1;1;1;1;1;1;1;1;1;1;1;1;1;1;1;1;1;1;1;1;1;1;1;1;1;1;1;
39640000;2;01/07/1981;;1;1;16,6;7,74;10,8;12;3;1;1;1;7,51000022888184;2;7,88;7,88;7,74;7,74;8,17;9,2;10,1;11,2;12,2;13,6;14,9;16,4;15,8;14,9;13,3;12,6;12,9;11,7;10,9;10,9;11,4;11,1;10,8;9,96;9,5;9,2;9,05;8,75;8,31;8,31;8,31;1;1;1;1;1;1;1;1;1;1;1;1;1;1;1;1;1;1;1;1;1;1;1;1;1;1;1;1;1;1;1;
39640000;2;01/06/1981;;1;1;21,8;7,88;12,3;16;30;1;1;1;7,51000022888184;2;11,2;11,1;10,9;10,6;10,1;10,6;10,9;11,2;11,6;12,6;13,3;13,8;15,2;16,6;18,3;21,2;18,7;15,8;15,2;14,1;13,6;12,7;10,9;9,2;8,17;8,17;8,03;8,03;8,03;7,88;;1;1;1;1;1;1;1;1;1;1;1;1;1;1;1;1;1;1;1;1;1;1;1;2;1;1;1;1;1;1;;
39640000;2;01/05/1981;;1;1;12,2;5,5;8,33;22;10;1;1;1;7,51000022888184;2;6;5,88;5,75;5,75;5,75;5,63;5,63;5,63;5,63;5,5;5,5;5,5;5,88;6,39;7,19;8,17;9,05;10,3;10,6;10,6;11,7;11,9;11,6;11,2;10,6;10,6;10,6;10,8;10,9;10,9;11,1;1;1;1;1;1;1;1;1;1;1;1;1;1;1;1;1;1;1;1;1;1;1;1;1;1;1;1;1;1;1;1;
39640000;2;01/04/1981;;1;1;9,66;6;7,37;1;28;1;1;1;7,51000022888184;2;9,5;9,2;8,9;8,75;8,6;8,17;8,17;8,03;8,03;7,88;7,74;7,6;7,46;7,46;7,19;7,19;7,05;7,05;6,92;6,78;6,78;6,78;6,52;6,52;6,39;6,26;6,26;6;6;6;;1;1;1;1;1;1;1;1;1;1;1;1;1;1;1;1;1;1;1;1;1;1;1;1;1;1;1;1;1;1;;
39640000;2;01/03/1981;;1;1;34;4,45;11,2;24;14;1;2;1;7,51000022888184;2;5,38;5,14;5,02;4,91;4,79;4,79;4,67;4,67;4,67;4,56;4,56;4,56;4,56;4,45;4,56;10,1;18,5;22,7;17,5;15,4;16,2;12,4;20,3;32,7;27,8;22,4;19,3;13,4;10,8;8,6;7,46;1;1;1;2;2;2;2;2;2;2;2;2;2;2;2;1;1;1;1;1;1;1;1;1;1;1;1;1;1;1;1;
39640000;2;01/02/1981;;1;1;14;5,26;7,7;7;23;1;1;1;7,51000022888184;2;8,9;9,35;9,66;9,96;9,66;13,8;18,9;14,1;9,35;7,19;6,52;6,13;6,13;5,88;5,75;5,75;5,75;6,13;6,65;6,39;5,63;5,38;5,26;5,38;5,63;5,5;5,5;5,5;;;;1;1;1;1;1;1;1;1;1;1;1;1;1;1;1;1;1;1;1;1;1;1;1;1;1;1;1;1;0;0;;
39640000;2;01/01/1981;;1;1;12,9;5,5;7,2;28;16;1;1;1;7,51000022888184;2;6;6;6;6;6;6;6,13;7,19;7,6;7,19;6,78;6,13;5,88;5,75;5,63;5,5;5,5;8,03;9,81;9,81;7,88;6,78;5,88;5,63;5,5;6,78;7,88;12,7;12,6;9,96;8,6;1;1;1;1;1;1;1;1;1;1;1;1;1;1;1;1;1;1;1;1;1;1;1;1;1;1;1;1;1;1;1;
39640000;2;01/12/1980;;1;1;8,46;5,88;6,83;3;17;1;1;1;17,1000003814697;1;6,78;6,78;8,03;7,88;7,05;6,78;6,78;6,65;6,39;6,39;6,39;6,39;6,39;6,39;6,13;6;5,88;6;6,26;6,39;6,78;7,05;7,19;7,33;7,33;7,33;7,33;7,33;7,33;7,46;7,46;1;1;1;1;1;1;1;1;1;1;1;1;1;1;1;1;1;1;1;1;1;1;1;1;1;1;1;1;1;1;1;
39640000;2;01/11/1980;;1;1;9,35;6,92;7,94;11;30;1;1;1;17,1000003814697;1;8,75;8,46;8,46;8,17;7,88;7,88;8,17;8,31;8,46;8,6;9,2;8,75;8,31;8,75;8,6;8,46;7,88;7,88;7,6;7,46;7,33;7,33;7,74;7,33;7,05;7,05;7,05;7,05;7,33;6,92;;1;1;1;1;1;1;1;1;1;1;1;1;1;1;1;1;1;1;1;1;1;1;1;1;1;1;1;1;1;1;;
39640000;2;01/10/1980;;1;1;31,5;9,05;13,3;5;31;1;1;1;17,1000003814697;1;11,6;17,7;18,3;21,8;30,2;30,2;18,1;15,1;13,1;11,9;11,6;10,8;10,4;9,96;9,81;9,66;9,66;10,1;10,6;10,9;10,8;10,6;11,1;11,6;13,1;12,6;11,1;10,3;9,96;9,2;9,05;1;1;1;1;1;1;1;1;1;1;1;1;1;1;1;1;1;1;1;1;1;1;1;1;1;1;1;1;1;1;1;
39640000;2;01/09/1980;;1;1;30,2;9,5;12,2;17;28;1;1;1;17,1000003814697;1;12,2;11,7;12,7;12,4;11,2;11,4;11,2;11,2;10,9;10,6;11,1;11,1;10,8;11,1;14,1;19,1;29,3;17,7;13,6;11,7;11,6;11,1;10,8;10,3;9,96;9,96;9,66;9,5;9,5;9,5;;1;1;1;1;1;1;1;1;1;1;1;1;1;1;1;1;1;1;1;1;1;1;1;1;1;1;1;1;1;1;;
39640000;2;01/08/1980;;1;1;18,1;12,2;14,3;6;21;1;1;1;17,1000003814697;1;14,9;15,1;15,4;15,8;16,2;17,9;16,9;16,6;16;15,8;17,5;17,3;14,9;14,3;13,6;13,8;13,3;12,9;12,9;12,7;12,2;12,2;12,2;12,2;12,2;12,4;13,3;13,1;12,7;13,3;12,4;1;1;1;1;1;1;1;1;1;1;1;1;1;1;1;1;1;1;1;1;1;1;1;1;1;1;1;1;1;1;1;
39640000;2;01/07/1980;;1;1;29,5;15,4;20,4;3;31;1;1;1;17,1000003814697;1;28,1;28,8;29,5;27,1;23,3;21,4;21;21,4;20,1;19,9;23,5;25,5;26,5;24,4;22,4;19,9;17,7;16,6;17,1;16,7;17,3;17,5;17,3;16,4;15,8;16,4;16,4;16,7;15,6;16,7;15,4;1;1;1;1;1;1;1;1;1;1;1;1;1;1;1;1;1;1;1;1;1;1;1;1;1;1;1;1;1;1;1;
39640000;2;01/06/1980;;1;1;168;10,8;57,9;10;3;1;1;1;17,1000003814697;1;11,7;11,2;10,8;11,7;13,3;20,1;18,3;14,5;65,7;167;144;125;120;126;123;119;106;86,8;77,7;68,4;45,9;34,5;27,1;26,2;30,5;32;27,1;25,3;23,8;22,9;;1;1;1;1;1;1;1;1;1;1;1;1;1;1;1;1;1;1;1;1;1;1;1;1;1;1;1;1;1;1;;
39640000;2;01/05/1980;;1;1;19,7;9,05;11,8;17;12;1;1;1;17,1000003814697;1;10,6;10,1;9,96;10,3;9,96;9,96;9,96;9,66;9,5;9,5;9,2;9,05;9,2;10,6;11,6;14,5;18,7;14,7;11,6;10,6;9,81;9,5;9,81;14;17,3;16,6;15,6;14;15,2;13,8;12,2;1;1;1;1;1;1;1;1;1;1;1;1;1;1;1;1;1;1;1;1;1;1;1;1;1;1;1;1;1;1;1;
39640000;2;01/04/1980;;1;1;23,1;9,05;12,7;24;14;1;1;1;17,1000003814697;1;10,4;10,6;13,4;19,1;15,2;13,6;10,8;10,4;10,4;9,96;9,66;9,35;9,66;9,05;10,1;9,96;9,05;9,96;15,8;16,4;12,4;13,4;15,1;22,4;18,9;16,7;14,3;12,9;11,9;11,2;;1;1;1;1;1;1;1;1;1;1;1;1;1;1;1;1;1;1;1;1;1;1;1;1;1;1;1;1;1;1;;
39640000;2;01/03/1980;;1;1;98,2;8,75;25,7;7;1;1;1;1;17,1000003814697;1;8,75;10,1;37,3;62,1;59,2;90,1;96,6;52,7;28,6;32,2;17,3;14,9;19,7;16,9;14,5;13,6;15,8;15,4;15,2;19,7;24,9;16,9;14,7;15,8;14,1;12,7;11,7;11,6;11,6;11,2;11,4;1;1;1;1;1;1;1;1;1;1;1;1;1;1;1;1;1;1;1;1;1;1;1;1;1;1;1;1;1;1;1;
39640000;2;01/02/1980;;1;1;31,5;6,13;13,7;18;4;1;1;1;17,1000003814697;1;6,39;6,39;6,39;6,13;6,39;7,33;14,1;13,1;14,1;14;20,3;23,8;12,9;10,4;12,1;28,8;29;30,5;19,7;14,7;14,3;12,9;11,2;10,1;10,9;11,4;10,6;9,35;9,05;;;1;1;1;1;1;1;1;1;1;1;1;1;1;1;1;1;1;1;1;1;1;1;1;1;1;1;1;1;1;0;;
39640000;2;01/01/1980;;1;1;10,6;6,26;7,89;8;30;1;1;1;17,1000003814697;1;8,17;7,6;7,19;7,33;7,74;8,03;9,81;10,1;8,6;7,6;7,46;7,6;7,88;8,46;8,46;8,03;10,1;10,1;8,6;8,46;8,03;7,6;7,33;7,33;7,33;6,78;6,78;6,92;6,52;6,26;6,52;1;1;1;1;1;1;1;1;1;1;1;1;1;1;1;1;1;1;1;1;1;1;1;1;1;1;1;1;1;1;1;
39640000;2;01/12/1979;;1;1;10,8;7,46;8,57;14;30;1;1;1;21;1;9,5;9,5;9,35;9,35;8,9;8,9;8,9;8,75;8,75;8,75;8,46;8,46;8,46;10,3;9,96;9,2;8,75;8,75;8,46;8,31;8,17;8,17;8,03;7,74;7,88;7,74;7,6;7,6;7,6;7,46;8,03;1;1;1;1;1;1;1;1;1;1;1;1;1;1;1;1;1;1;1;1;1;1;1;1;1;1;1;1;1;1;1;
39640000;2;01/11/1979;;1;1;59,2;9,81;13,6;19;28;1;1;1;21;1;11,2;11,1;10,9;10,6;10,8;10,6;10,6;10,8;12,4;12,1;10,8;10,8;11,1;11,4;15,1;14;12,1;20,5;56,4;24,4;14,3;12,4;11,7;11,1;10,6;10,6;10,1;9,81;9,81;9,81;;1;1;1;1;1;1;1;1;1;1;1;1;1;1;1;1;1;1;1;1;1;1;1;1;1;1;1;1;1;1;;
39640000;2;01/10/1979;;1;1;16,2;11,2;13,5;1;31;1;1;1;21;1;16;15,4;15,8;15,6;15,1;14,7;14,5;14,7;14,1;13,6;13,6;13,3;13,3;13,3;12,9;12,6;12,2;12,2;12,4;12,6;13,1;13,4;13,3;14;13,8;13,3;12,6;12,2;12,1;11,6;11,2;1;1;1;1;1;1;1;1;1;1;1;1;1;1;1;1;1;1;1;1;1;1;1;1;1;1;1;1;1;1;1;
39640000;2;01/09/1979;;1;1;35,5;15,4;20,9;3;27;1;1;1;21;1;18,1;25,3;33,5;27,8;21,8;28,8;23,5;24,9;33;28,1;22,7;21,2;19,7;19,5;19,1;18,3;18,1;17,7;16,9;16,9;16,6;16,4;16;15,8;15,8;15,6;15,4;22,2;21,4;17,5;;1;1;1;1;1;1;1;1;1;1;1;1;1;1;1;1;1;1;1;1;1;1;1;1;1;1;1;1;1;1;;
39640000;2;01/08/1979;;1;1;27,4;17,5;21,2;1;26;1;1;1;21;1;27,1;24,6;24,4;23,5;23,1;23,8;24,9;25,8;24,4;23,8;22,9;22,2;22,4;20,1;19,9;19,7;19,1;20,1;19,9;19,1;18,3;18,7;19,7;18,5;17,7;17,5;18,3;20,5;20,1;19,7;18,7;1;1;1;1;1;1;1;1;1;1;1;1;1;1;1;1;1;1;1;1;1;1;1;1;1;1;1;1;1;1;1;
39640000;2;01/07/1979;;1;1;82,4;22;33,5;8;24;1;1;1;21;1;22,9;27,4;59,2;56,1;35;27,8;27,4;72,1;65;39,2;33;26,9;25,1;24;23,8;24,4;29,3;30,2;26,7;24,9;24,9;23,3;22,7;22;28,8;28,6;51,2;43,9;33,5;30,5;29,8;1;1;1;1;1;1;1;1;1;1;1;1;1;1;1;1;1;1;1;1;1;1;1;1;1;1;1;1;1;1;1;
39640000;2;01/06/1979;;1;1;118;21,6;34;11;22;1;1;1;21;1;24,6;25,5;24,4;25,3;24,4;29,7;58,5;41,2;34,1;79,3;110;58,2;37,1;37,1;32;32,7;32,5;28,1;24,4;23,3;22,4;21,6;21,6;22;21,8;26;31,2;26,9;22,7;22,2;;1;1;1;1;1;1;1;1;1;1;1;1;1;1;1;1;1;1;1;1;1;1;1;1;1;1;1;1;1;1;;
39640000;2;01/05/1979;;1;1;72,3;18,7;33,9;3;15;1;1;1;21;1;55,7;67,3;67,9;42,6;48;66,3;42,8;36,4;32,1;30,1;20,7;23,3;21,6;19,9;18,7;18,9;21,3;35,1;39,6;27,8;37,7;48,2;38;26,6;22,6;20,5;19,5;19,1;18,9;19,9;43,1;1;1;1;1;1;1;1;1;1;1;1;1;1;1;1;1;1;1;1;1;1;1;1;1;1;1;1;1;1;1;1;
39640000;2;01/04/1979;;1;1;85,1;11,1;17,1;29;23;1;1;1;21;1;13,1;12,6;12,6;13,1;12,8;12,4;12,1;11,9;11,6;11,3;11,6;11,8;11,8;12,1;14,2;15,4;15,6;15,1;14;12,1;11,4;11,3;11,1;11,3;11,6;11,8;12,1;21,3;84;68,9;;1;1;1;1;1;1;1;1;1;1;1;1;1;1;1;1;1;1;1;1;1;1;1;1;1;1;1;1;1;1;;
39640000;2;01/03/1979;;1;1;75,8;12,9;21,9;6;31;1;1;1;21;1;23,3;18,1;16;15,1;57,6;65;30,9;23,1;20,3;21,6;25,9;20,7;21,8;18,3;16,6;15,6;15,1;14,5;15,8;19,5;40,9;32,6;19,3;15,6;15,1;14,5;13,8;13,5;13,3;13,1;12,9;1;1;1;1;1;1;1;1;1;1;1;1;1;1;1;1;1;1;1;1;1;1;1;1;1;1;1;1;1;1;1;
39640000;2;01/02/1979;;1;1;99;11,1;18,8;25;13;1;1;1;21;1;12,8;12,4;12,1;11,9;11,9;12,1;12,6;12,8;11,9;11,6;11,4;11,3;11,1;14,2;12,6;11,9;11,6;11,3;11,1;26,6;29,7;15,6;12,8;39,6;85,8;34,1;22,4;31,1;;;;1;1;1;1;1;1;1;1;1;1;1;1;1;1;1;1;1;1;1;1;1;1;1;1;1;1;1;1;0;0;;
39640000;2;01/01/1979;;1;1;46,2;11,3;15,4;27;21;1;1;1;21;1;14,7;14,2;14,7;14,7;14;13,5;13,1;12,9;12,6;12,3;12,4;12,4;12,8;12,6;12,6;12,9;12,8;12,4;11,8;11,4;11,3;11,4;11,9;13,8;25,3;38,5;39,8;20,9;16,2;14,2;13,3;1;1;1;1;1;1;1;1;1;1;1;1;1;1;1;1;1;1;1;1;1;1;1;1;1;1;1;1;1;1;1;
39640000;2;01/12/1978;;1;1;35,4;13,8;17,8;6;29;1;1;1;29,2999992370605;2;18,1;27,1;23,7;20,5;31,1;34,9;27,1;20,1;18,3;17,5;17,1;16,4;16;15,8;15,4;15,3;15,1;14,9;14,3;14,3;14,3;14,2;14,9;15,3;14,9;14,5;14,3;14,2;13,8;14;14,9;1;1;1;1;1;1;1;1;1;1;1;1;1;1;1;1;1;1;1;1;1;1;1;1;1;1;1;1;1;1;1;
39640000;2;01/11/1978;;1;1;33,3;16,4;18,9;11;26;1;1;1;29,2999992370605;2;20,5;20,1;19,7;19,3;19,1;18,9;18,5;18,1;18,3;21,3;33,1;24,6;20,1;19,1;18,5;18,3;17,7;17,3;17,3;17,7;18,1;17,3;16,9;16,7;16,6;16,4;16,9;17,7;16,7;16,4;;1;1;1;1;1;1;1;1;1;1;1;1;1;1;1;1;1;1;1;1;1;1;1;1;1;1;1;1;1;1;;
39640000;2;01/10/1978;;1;1;81,8;20,1;28,1;1;31;1;1;1;29,2999992370605;2;73;47,4;41,2;35,6;34,3;32,6;31,4;29,9;28,9;28;27,8;26,6;26,4;26,4;25,5;24,8;24,1;23,7;23,5;23,7;22,8;22,6;22,2;21,8;21,6;21,1;21,6;22;21,1;20,7;20,1;1;1;1;1;1;1;1;1;1;1;1;1;1;1;1;1;1;1;1;1;1;1;1;1;1;1;1;1;1;1;1;
39640000;2;01/09/1978;;1;1;140;22,4;38,6;30;15;1;1;1;29,2999992370605;2;26,8;27,8;29,7;30,6;31,6;37,4;37,7;31,6;30,6;30,1;24,6;23,9;23,3;22,8;22,4;22,8;23,3;30,4;29,2;25,7;24,6;23,5;49,1;75,1;57;45,7;36,9;50,3;99,8;133;;1;1;1;1;1;1;1;1;1;1;1;1;1;1;1;1;1;1;1;1;1;1;1;1;1;1;1;1;1;1;;
39640000;2;01/08/1978;;1;1;103;30,1;45,7;11;31;1;1;1;29,2999992370605;2;58,5;49,4;42,8;41,2;65;55,4;48,2;48,5;47,1;93,2;96,3;60,1;45,1;41,5;40,1;37,7;38,2;39,3;40,1;37,7;39,3;39,8;38;36,7;35,6;35,1;34,6;35,6;34,1;32,6;30,1;1;1;1;1;1;1;1;1;1;1;1;1;1;1;1;1;1;1;1;1;1;1;1;1;1;1;1;1;1;1;1;
39640000;2;01/07/1978;;1;1;136;25,9;50,1;19;4;1;1;1;29,2999992370605;2;32,1;29,2;26,8;25,9;26,8;26,4;29,7;28,5;31,4;38,2;60,4;71,3;55,1;36,4;44,2;42,8;34,3;80,4;128;69,6;52,1;36,9;40,4;47,1;45,4;51,8;49,7;89,5;80,4;68,6;72,3;1;1;1;1;1;1;1;1;1;1;1;1;1;1;1;1;1;1;1;1;1;1;1;1;1;1;1;1;1;1;1;
39640000;2;01/06/1978;;1;1;120;16,9;41,8;17;5;1;1;1;29,2999992370605;2;18,7;18,3;17,9;17,5;16,9;17,3;18,9;23,7;29,2;39,3;40,9;24,6;23,3;44,8;39,8;67,6;120;88,7;49,4;34,1;30,1;27,8;27,8;32,3;31,8;55,4;109;85,8;62,4;40,9;;1;1;1;1;1;1;1;1;1;1;1;1;1;1;1;1;1;1;1;1;1;1;1;1;1;1;1;1;1;1;;
39640000;2;01/05/1978;;1;1;132;13,5;39,1;17;10;1;1;1;29,2999992370605;2;64,3;32,3;21,6;23,3;18,1;17,1;15,6;14,7;14,2;13,5;17,1;73,4;94,8;95,9;69,9;97,1;123;64,6;45,1;32,6;28,7;27,5;30,1;25,9;27,1;22,4;21,3;21,6;21,1;20,1;19,3;1;1;1;1;1;1;1;1;1;1;1;1;1;1;1;1;1;1;1;1;1;1;1;1;1;1;1;1;1;1;1;
39640000;2;01/04/1978;;1;1;108;10,2;21,6;10;5;1;1;1;29,2999992370605;2;11,3;11;10,8;10,5;10,2;10,8;10,8;10,5;24,4;107;82,2;41,7;21,6;20,1;20,1;17,5;15,8;14,7;14,9;14,7;14,3;14;14;15,6;20,1;18,1;14,3;14,3;14,7;28,9;;1;1;1;1;1;1;1;1;1;1;1;1;1;1;1;1;1;1;1;1;1;1;1;1;1;1;1;1;1;1;;
39640000;2;01/03/1978;;1;1;14,5;;35;25;;1;0;2;29,2999992370605;2;;;;;;;;;;;;;;;;;;;;;;;;;14,5;13,6;13,1;12,8;12,3;11,9;11,6;0;0;0;0;0;0;0;0;0;0;0;0;0;0;0;0;0;0;0;0;0;0;0;0;1;1;1;1;1;1;1;
